プリプリローンチ期間 X投稿詳細スケジューリング,,,,,,,,,,,https://x.com/wad0427/status/1989445760426152309?s=20,,,,,
,,,,,,,,,,,,,,,,
カテゴリー,投稿日,投稿時間,投稿内容（全文）,XTEP or リプ,画像・動画,期待効果,KPI目標,ステータス,作成LLM,修正前,文字起こし,インプ,いいね,リポスト,リプ,
企画匂わせ,11/11,20:00,"最近、ずっと考えてたことがあって

それは
「過去に副業で挫折した人が
もう一度、今度こそ成功するには
何が必要なのか」

そして、一つの答えが見つかりました

詳しくは12月に企画を考えているので
そこでお話しできると思います

楽しみにしていてください😊
気になる人は↓↓↓","近日中に面白い企画も開催するので、乗り遅れたくない人は今のうちに参加しておいてください！
「最新AIマネタイズ完全攻略」
https://bit.ly/45BZYHf",,,,,https://claude.ai/chat/3f3b27fb-a6b7-4952-b0eb-e08a8b09d82f,,,2741,20,7,1,初期段階はいかに気になる投稿をさせられるかが大切
企画匂わせ,11/12,20:00,"実は、ある企画を準備してます。

対象は
・時間のない会社員、家事で忙しいママ
・過去に副業で挫折した経験がある
・「今度こそ成功したい」と思っている
・でも一人では続かない
・何から始めればいいか分からない

こんな方です。

...正直に言います。

僕もそうでした。

本業で疲れて帰ってきて、
「副業やらなきゃ」って思っても
時間がなくて。

結局、続かない。

一人でやってるから、
「これで合ってる?」って
不安になって手が止まる。

しかも、誤った副業を選んでたから
どれだけ頑張っても結果が出ない。

...だから分かるんです。

同じように悩んでる人の気持ちが。

だから今回、
そんな人を全員救う覚悟で
この企画を作りました。

正直、準備に3ヶ月以上かかりました😅

でも、これで
「また失敗するのでは」という
不安を解消できる内容になりました😊

興味がある人はリプ欄へ👇👇👇","近日中に会社に依存しない収入減を作る方法を公開します！
面白い企画も開催するので、乗り遅れたくない人は今のうちに参加しておいてください！
「最新AIマネタイズ完全攻略」
https://bit.ly/45BZYHf",,,,,https://claude.ai/chat/db936878-353d-4249-8424-45654dbe8fc4,"実は、ある企画を準備してます

対象は：
・時間のない会社員、家事で忙しいママ
・過去に副業で挫折した経験がある
・「今度こそ成功したい」と思っている
・でも一人では続かない
・何から始めればいいか分からない

こんな方に向けた内容です

正直、準備に3ヶ月かかりました😅

でも、これで
「また失敗するのでは」という
不安を解消できる内容です😊
興味がある人は👇👇👇

https://claude.ai/chat/3f3b27fb-a6b7-4952-b0eb-e08a8b09d82f",,7580,59,4,1,
痛みの顕在化,11/13,20:00,"ちょっと厳しいこと言います。

今、副業を始めないと
マジでヤバいです。

理由は3つ。

① 物価は上がり続けてる
でも給料は?
ほとんど変わらないですよね...

去年と比べて、手元に残るお金
減ってませんか?

② 大切な人に何もしてあげられない
子どもの習い事、
親への恩返し、
友達との付き合い...

「お金がないから」って
何回諦めましたか?

(僕も親に何かしてあげたいと思っても、
「今は余裕がない」って言い続けた。
そんな自分が、本当に情けなかった)

③ 貯金が全然できない
毎月の生活費でいっぱいいっぱい。
老後の資金?
考える余裕すらない...

でも、一番ヤバいのは...

「いつか何とかなる」と思ってることです。

僕もそう思ってました。
でも、何ともならなかった。

行動しないと、現実は変わらない。

今から3ヶ月後、
あなたは何か変わってますか?

それとも、
今と同じ不安を抱えたままですか?

今、決断する人だけが
未来を変えられます。

一緒に、動き出しませんか?

詳細は近日公開👇",,,,,,https://claude.ai/chat/ca355476-0e55-4f79-89ff-5f66998c9795,,,13000,56,6,1,
関係構築,11/14,20:00,"副業3ヶ月で10万円。
1年で月50万円。

「本当にそんなこと可能なの?」

僕も最初は信じられませんでした。

でも実際、
受講生500名以上の実績があって
その中で未経験から3ヶ月以内に
初収益を達成した人が続出。

秘訣は「AIと、あなたの過去の経験」

子育て中のママでも、
忙しい会社員でも大丈夫",,,,,,https://claude.ai/chat/bdca06cf-4872-45cb-b002-354c091b9950,"副業で3ヶ月で10万円。
1年で月50万円。

「本当にそんなこと可能なの？」

僕も最初は信じられませんでした。

でも受講生の58%が
3ヶ月以内に初収益を達成してます。

秘訣は「AIを使った挫折経験のコンテンツ化」

子育て中のママでも、忙しい会社員でも大丈夫。",,2494,38,1,0,
関係構築,11/15,6:30,"「本業あるし...」
「子どもの世話もあるし...」
「時間ないし...」

受講生も最初、全員そう言ってました。

でも今、
・完全在宅で月50万
・子どもの習い事、全部やらせてあげられる
・貯金も毎月できる

変えたのは「働き方」じゃなくて
「時間の使い方」だけ。

時間のない会社員・ママこそできる
""あるマネタイズ方法""があります。
興味ある人は↓↓↓

ちなみに12月に発表する新企画、
実はこれの完全進化版...🤫","近日中に会社に依存しない収入減を作る方法を公開します！
面白い企画も開催するので、乗り遅れたくない人は今のうちに参加しておいてください！
「最新AIマネタイズ完全攻略」
https://bit.ly/45BZYHf",,,,,https://claude.ai/chat/bdca06cf-4872-45cb-b002-354c091b9950,"「本業あるし...」
「子どもの世話もあるし...」
「時間ないし...」

全部、受講生も同じこと言ってました。

でも今、
・週3在宅勤務で月70万
・子どもの習い事、全部やらせてあげられる
・貯金も毎月できる

変えたのは「働き方」じゃなくて
「時間の使い方」。

時間のない会社員・ママこそできる
コンテンツ販売の秘密を教えちゃいます。
詳細知りたい人は↓↓↓",,"3,906",43,3,3,
関係構築,11/16,6:30,"「時間ができたら副業始めよう」

って言ってる間に、1年経ちます。

そして1年後も、
同じように時間はありません。

物価は上がり続けて、
給料は上がらなくて、
子どもの「やりたい」を諦めさせて、
毎月の生活費に追われる。

そのループから抜け出すには、

「時間を作る」んじゃなくて、
「今ある時間で何ができるか」を知ること。

1日30分、スキマ時間だけで、
月5-10万円の初収益を作る方法。

それ、実在します。

12月の企画で全部見せるので、
楽しみにしていてください！",,,,,,https://claude.ai/chat/ca355476-0e55-4f79-89ff-5f66998c9795,,,5452,57,5,5,
関係構築,11/17,6:30,"朝6時に起きて夜10時に寝る

その間ずっと何かしてる

仕事、家事、育児、通勤...

「副業やりたい」って思っても、
どこに時間があるんだよ、って話ですよね。

僕もそう思ってました。

でも来週
「時間がない人」に向けた
ある発表をします

1日30分でも、できる方法

詳細は追ってお知らせします。",,,,,,https://claude.ai/chat/ca355476-0e55-4f79-89ff-5f66998c9795,,,9436,55,10,0,
市場の変化と機会,11/18,6:30,"最近、面白い変化に気づいて。

「AIで作りました!」って
堂々と言う人が増えてきた。

2年前は
「AIバレたら信頼失う」
みたいな空気あったけど、

今は逆。

「AIを使いこなせる」が
スキルとして評価される時代。

つまり今、
「AIを学びながら、
 その学びを売る」
が最強なんです。

何を売るか迷ってる人、
これマジでチャンス期です。",,,,,,https://claude.ai/chat/5e265adc-2ea6-447c-a153-ed54122f18f4,,,8857,70,6,5,
価値提供,11/19,20:00,"「1ヶ月で変われる人、変われない人」

1ヶ月で爆伸びした人と、
何も変わらなかった人の違い、わかっちゃったんです。

それは、
「目標の解像度」
これだけ。

あなたの目標って、どれくらい具体的ですか?
「フォロワー増やしたい」
「副収入欲しい」
「コンテンツ販売したい」

…って、もしかしてこのレベルで止まってませんか?
実はこれ、目標じゃなくて「願望」なんです。

先日、入会された受講生が、
最初の目標設定に、丸1日かけてくれたんです。

「1日もかかっちゃいました…すみません💦」
って謝ってきたんですけど、
僕、逆にめちゃくちゃ嬉しかった。

だって、
1日で今後1年間の動きが掴めたなら、安すぎる投資じゃないですか。

その受講生の目標、こんな感じでした:
「週30人フォロワー増やす」
「Canvaデザインで運用代行の0→1達成」
「X経由でお安く提供」

めっちゃ具体的ですよね。
でも、ここで僕がフィードバックしたのは…
「週30人は、かなりチャレンジング。
投稿だけじゃ無理なので、別のアクション追加しましょう」
って。

そう、具体的だからこそ、
「足りないもの」が見えてくるんです。

逆に、目標が曖昧だと…
「頑張ってるのに伸びない…」
って、永遠にモヤモヤする。
何が足りないかも、わからない。

僕も昔、そうでした。
「副業で稼ぎたい」
って漠然と思ってた時期、
3年間、何も変わらなかった。

でも、
「3ヶ月で月10万、AIツール相談で達成」
って具体的にした瞬間、
やることが明確になって、本当に達成できたんです。

大事なのは、
「現実5:チャレンジ5」のバランス
現実的すぎると、縛られる。
チャレンジすぎると、行動できない。

例えば、
「現実的には1000人いけそう」
って思ってるなら、
「1500人目指す」
くらいがちょうどいい。

で、その1500人を達成するために、
今までのアイデアを超えるアクションを考える。

コラボ依頼
プレゼント企画
他のコミュニティ参加

みたいな感じで。
もしあなたが、
「頑張ってるのに変わらない…」
って悩んでるなら。

一度立ち止まって、
目標を「数字」と「期限」で書き出してみてください。
曖昧な目標は、曖昧な結果しか生みません。

でも、具体的な目標は、
具体的な行動を生み出します。
あなたの1ヶ月後、変わってるといいな。",,,,,,https://claude.ai/chat/beebbce9-0ef0-48b2-8dd0-7414b7c4fe35,,,9851,62,7,3,
価値提供,11/20,20:00,"【SNS運用で消耗→8ヶ月160万】
「スキルあるのに時間ばかりかかる…」
AI知識ゼロでも既存スキルと掛け合わせて

✅作業時間1/3で単価3倍
✅台本→運用代行22万/月
新しく学ぶ必要なし。

自分のスキルを活かした
マネタイズ法を知りたい人は、
いいね+リプで「掛け算」で🎁","さん、ありがとうございます！☺️
こちらに解説をまとめました👇
https://note.com/wad0427/n/n8eb0979cc329?sub_rt=share_pb

参考になったら@wad0427から元ポストに戻って引用リポストで感想いただけると嬉しいです✨
リポストしにいきます！",,,,,https://claude.ai/chat/8638d77a-cfb5-47d2-83fc-bf46a8f62622,,"【AI知識ゼロから】8ヶ月で160万！「SNS運用スキル」にAIを掛け合わせる現場の技術 - YouTube
https://www.youtube.com/watch?v=OAERCjjLq7Y

Transcript:
(00:00) どうもワドです。本日はですね、ワドリスク行のアルマさんに来ていただきました。どうぞよろしくお願いします。 よろしくお願いします。 で、アマさんのですね、最初に紹介させていただくと SS運用代かけるAI というところのジャンルで活動されてる方で累計の売上が 160 枚というところになっております。で、運動代行に AI っていうのはなかなか珍しいジャンルかなと思いますので、具体的にどういうことをしてるかっていうとこですね。 そこを控では伝えていければ最後にまで見てください。そしたらですね、アルマンさんの方からも自己紹介お願いします。 はい。え、アルマンと申します。現在ですね、えっと、インスタで AI系の発信をしていたり、ま、個人で SNS の運用代行などをさせていただいております。 ま、現在3年ほどフリーランスとして SNS 関連の動画編集であったり、ま、代表作成であったり、運用代行っていうのをしており、現場で使う SNS運用スキル全般にAI をけ合わせるのが得意だと思っております。よろしくお願いします。 よろしくお願いします。いや、本当に今回楽しいですね。 僕もSNSの大子って結構では僕も押し てるところなんですけど、なかなか実績と してはマクダイアントワークとしてやっ てる人は多いですけど本当にライティング
(01:10) やったりとかっていう人は多い画像も対抗 したりとかそういう一部の対抗は多いです けど実際にSNSの運用の今までやってる 方っていうのは結構少なかったところなの でま、ちょっと僕も興味があるとこです ねっと聞いていきたいなと思います。で、 まず最初の質問ですね。 ま、今回僕の講座というとこでワドスクールを購入していただいたと思うんですけども、どういった理由がございます? [音楽] ま、理由としては2つあって、え、1 つが田さんのことが、ま、信頼できる方だなと思ったきっかけがありました。え、渡田さんのこと自体は、も、元々 AIに興味を持ち始めた時に、ま、 X でフォローしていたんですけど、そこまでわさんの発信を追っていたっていうわけではなかったです。 そんな時別のAI系の発信者の方で、ま、 ショート動画とAIで再生数で稼げる みたいな、そういう発信と、ま、 コンテンツの販売もされてたことがあって 、ま、結構話題になってたんですけど、ま 、自分自身がTikTokとか、ま、そう いうショート動画系のSNS運用スキルが あったっていうのもあって、発信内容とか それが本当にできるのかみたいな、ま、 疑問を持ってたんですけれども、そこで和 さんが、ま、しっかりその理由含めとか
(02:14) 理屈的にあの、しっかり説明さ て、ま、事実としてそれはちょっと難しいよみたいな、え、発信をされていたのがあって、あ、この方は本当に分かってらっしゃるって言ったらちょっとかもしいんですけど、あの、信じられる人なんだなっていう認識になったっていう感じです。 確かに当時ありましたね。めちゃめちゃそういう投稿多かった。で、そこで、ま、本当にアルマンだみたいにも実際に運用してる人とか、ま、結構そこの本当に稼げるのかなっていうモードもあったんですよね。 稼げますみたいな発信者もいる中で本当に 稼げんのかなみたいなそうっていうのも めちゃめちゃいてでそこに関して僕が ちょっとツイートで、え、実際にすでに ショート動画でかなりモバースというか 伸ばしてたりとか実際に稼いでる人の レビューとかをまとめた時があったんです けども、ま、そこを見ていただいて、ま、 本当に事実を伝えただけなんですけど、 そこを信頼していただいて嬉しい限りです ね、結構SNSの発信はポジショントーク になるんです。たいなので、ま、その人が 悪いってよりかはそこに騙されてしまう人 も結構僕が悪いと思っていて、もう完全に 自分の似てらしい不足っていうのがあるん
(03:20) で、Sの発信っていうのはポジション トークだと思ったわけですね。で、その人 が正解を言ってるとかそういうものじゃ なくて、もう自分の中でこれが正解だと 思って発信して来てるの相手はなので、 それをただ運にするだけじゃなくて全体的 に来ていただいて、え、この発信者は結構 ポジショントークやってなとかそういう 感覚で見れるようになってくると、ま、 だいぶ成長してくるのかなと思うので、 全てをね、信頼せずに全なひどい視点で見 ていただいなと思います。もう1点は どっちですか?はい。もう1 点に関しては、ま、シンプルに AI を学び始めたいと思ったタイミングしっかりマネタイズもしていきたいっていうところで、もうちょうど本当にワンさんの、え、講座の募集がタイミング良くあったので実績からもマネタイズに強いっていうのは分かっていたので選べさせていただきました。 ま、AIのブームもだいぶた時期でした。 ま、そしたら次の質問ですね、僕の講座を受ける前の収益とその時の悩みたいなところを日本の段階にですかね、教えてもらいます。 はい。ま、元々もちろん SNS関連の収益あったんですけど、 AI を活用したマネタイズっていうのは、ま、ゼロで実際もう
(04:25) AIも、ま、ちょっと、ま、 Twitter で調べてなんか知った気になっているっていう感じの、え、程度でした。で、マネタイズはもう全くゼロっていう感じでした。 うん。 当初の悩みっていうのはどんな感じですか? え、当初の悩みとしては情報がたくさんあったっていうのがありましたしブームではないですけど AI を学んだ方がいいんだけどそのマネタイズをするにはじゃどうすればみたいなので、ま、結局ショート動画の話もありますけど何が本当かはちょっとわからないっていう部分がありましたんで、ま、そういうとこは結構どうすればいいんだろうなっていう状態でした。 これめちゃめちゃ大事なことで今AI界隈 の本質的には問題ないかなと思っていて AIの活用できてる人っていうのにもね、 めっちゃ少ないと思うんですよね。で、 最新情報とかアップデート情報みたいなの を発信してる発信者めっちゃいいです。 テレネが新しく出てきましたとか、 クロードが4.
(05:18) 0になりましたとかそう いう発信をしてる人ってめっちゃいるん ですけどそれをどうかすかっていう発信 まで行けてない状態なんですよね。その 発信を見ただけで実際何が出るかって みんなわかんない状態になってきてしまっ てるっていうのが先のAI系の発信者の ちょっと問題点かなと思ってるところで あるのとまそれと同時にやっぱ受け手も 大事なんですね。 出て出しが上がることもすごく大事で、そういった最新情報にどんどんなんかみんなついていっちゃうという で、最新情報って正直見ただけになんか変わるわけじゃないし、 そこの実際の最新情報をどう使うかここは大事じゃないですか?ス用大工だったらス大学上にどう使うかそこが大事なのにみんな最新情報だっちゃってでそこで爪もインク稼げるから発信者も最新情報だけすごい発信するみたいなとのスパイラルが結構しちゃってるなっていうのが僕はちょ AI業界の今の問題点かなと思っていて、 で、これメンタリストの大子さんとかとか も確か来てたような気がするんですけど、 AI活用できてる人って少ないんですよ。 今AIもトレンド性高くて触ってる人は 多いけど実際にちゃんと活用できてる人 ってめちゃめちゃ少ないので、今から
(06:27) 始める人も全然チャンスあります。 ちょっと遅くなっちゃったかなと思わずに 今から始める人っていうのはしっかりと 活用ですね。なんか自分の強みのジャンル を探して、そのジャンルの活発方法って いうのをしっかりと研究していくと、え、 唯一無理の存在になりますし、今いる既存 のメンバーにかけることになるので、ま、 そういったとこを追求していくといいかな という話します。はい。ただ、え、2 つ目の人ですね、今美法の段階は、ま、 AIを活用した、ま図が0 というところと、ま、最新とかそういったところの、ま、ちょっと情報収とかに聞いてた、ま、そんな感じか方ですけども、僕のスクに受行してみてどう変化したか教えてもいいですか? はい。意識の面っていう部分でもあると思うんですけど、その AI でマネタイズするっていう意識が変わりました。 もさっきも言ったようにAIを学び始めた のも今後の稼ぎに、ま、直結するだろうな とふわっとは思ってたんですけども、それ で興味を持って始めたんですけど、実際 どうすればいいかっていうのはだいぶ瞑想 していました。え、受行してからAIを どうにつげるのかっていうのは意識が 変わった部分があります。あとはAIを、 ま、フル活用してマネタイズできたって いう部分が大きいかなと思います。元々
(07:36) SNSの運用スキルはあったんですけど、 AIとSNS運用スキルを掛け合わせて、 ま、累計160万ほど、ま、マネタイズ することができました。あとは、え、行動 に対する意識も高くなったかなと思います 。コミュニティとして、あの、単純に活発 だと思いますし、え、月報告などを、え、 見てもみんな、頑張ってるんで単純に刺激 が受けやすい環境で素晴らしいなと思う。 ああ、さんも結構報告していただいてます 。本当にここら辺はって大事でやっぱ意識 の問題っていうのは結構あるんですよね。 そこ結構無意識のうちに自分の限界を 閉じ込めちゃってる人結構多いところな のってそういった基準値とか他の人の行動 とかを見るっていうのはめっちゃ大だと 思ってます。例えば5人の平均年収が自分 の年収っていうのを結構言われたりするん ですごく極端なあるし年収1億の人を4人 に囲まれていたら自分も年収1億ぐらいに なる。それぐらい環境の力が強いんです。 何か自分のスキルが変わったとかそういう 問題よりかは意識とか基準値1億円頑張っ てる人ってこんなこともやってんだそう いう理解ていうのが意外と大事です。こと
(08:47) はやっぱ真ネ教えてる中で結構1人でやっ てる人って特にそこになりやすい。自分の 中ではめっちゃ頑張ってる無意識のうちに 自分は頑張ってると思ってるけど他の 100万とか1000万とか1億とか稼い でるメンバーと比べると全然なくねみたい になっちゃってる人はもしかしたらいるか もしれないさんのとこ言うとその自分の マネタイですね今まで自分が得意としてい たい先生にAIをつけたってところがまた 成功の要因かなとは思います。 で、ここ僕もかこ行ってるところで AI 出てきたら急にみんな今まで頑張ってきたことを捨てたりするんですよ。 こっち言ってました。 本当に結構あれあるで気をつけて欲しいんですけど、 A が出たからって言って今までやってたことを捨てる必要ないと思います。しかもそれがあった方が僕は稼げると思う。 例えば、ま、デザインとか動画編集とか ライティングとかあとSNS経そうラを やってる人って結構多いと思うので、今 ライティングやるんであればAIと ライティングを掛け合わせた仕事ルを研究 した方がいいかな。そっちのが絶対活躍 です。結構いるんですよ。今まで エンジニアとしてめっちゃ頑張ってきたん
(09:54) ですけど部 いや本当にあって最初に話して たポジショントークに結構影響されたん ですよ。TikTokめっちゃ稼げます みたいな情報ってSNS上で出てきた時に 開発で頑張ってきたけどTikTokの 稼げるのかみたいなそういう事故になって きちゃってどんどん映っていっちゃうん ですよね。あとは確かと自分の軸っていう のは絶対持ったんです。間違いなく今 何かしらで頑張ってた人っていうのはその 今まで頑張ってきたことにAIをけ合わせ たわけです。で、もしもあんまり頑張った ことがあるので、ま、僕もそんなになかっ たんですけど、ま、そういう人はもうAI からAIだけにコミットしたんでいいかな 。で、そこは何か自分の今までの人生設計 に呼びます。なので、そこはちょっと気を つけていただいて、ちょっとビフォーアの ところをまとめていくと、ま、最初AIを 活用したマネギは0というとこですね。 今回僕の講座に入っていただいて160 万円というマネタが成功された。 実際にこうやって成果をしてたところで働き方とか生活面とかなんかそういったとこに変化した。 時間はやっぱり増えたなっていう感覚があります。 AI はま、ツールとして使ってるっていう部分で効率的に台本などをかけるようになりましたし、ま、作業の部分とかはだいぶ省略されたなんていう感覚があります。効率化すごいですもんね。で、効率化で時間が増えつ売上の増えたっていう
(11:04) [音楽] そうですね。 そしたら次の質問ですね。 実際にこれだけのビフォーアフターを発生されたと思うんですけども、その変化の決めつとったものと僕の講座とか僕の何が良かったかって教えてもらです。 行動として僕がやったのが月きの皆さんの報告とま提出とかもあるんですけどワドさんのフィードバックをまくったっていうのありますと元々 AI で稼ぐぞっていうま、意識で頭にあったんですけど、ま、自分が元々持っているその SNS運用スキルっていうのを AI と掛け合わせるっていうのがさっきワさんもおっしゃってたみたいにちょっと忘れているっていうか、頭から抜けていて、ま、自分では気づけなかったっていう部分がありました。はい。 [音楽] ま、別のワドさんがフェードバックしているやつであっても実際ワドさんがフェイドバックしてるのを聞けるって正直かなり貴重なことだと思っていて、単純にコンサルしてもらうみたいなものなんでそれを聞きまくってジャンルは本当に様々あったんですけど、ま、なるほどなと思いながら学んでいたら、あ、自分のスキルとけ合わせればいいんじゃみたいなことに気づいたみたいな部分はあります。この気づき大事です。 ちゃんと気づけたっていうのめちゃめちゃ大事で結構感覚的になっちゃったりとかしやすいんですよね。こういうシにて本当に自分のスキルとかけ合わせればいいなっていうもうしっかりと自分の中の頭で感じられたっていうのが素晴らしいなと。あとここですごく褒めるできたところが他の人のフィードバックを見ますっていうとこですね。え、それは成功してる季血かなっては思いますよ。うん。ま、そこまで僕はやってくださいとか言ってないのもやっぱやってる人結構いるんですよ。
(12:37) [音楽] [音楽] 他の人の生見てますっていう人結構いて、で、そういう人って 100万とかとか1000 万とか行ってるんですよね。僕のスクって今アルマンさんがやって 160万とかすると300万とか500 万のメンバーがいたりとかその上の 1000 万がいたりとかするんですよ。あった時に何をするかっていうとマさん今 160万なってまとか 500 万とか稼いでる人のフィードバックみたいするとめっちゃいいんですよ。次自分が行くべきところなんです。この上の人たち。 で、そこがかなり僕のスクールでは いろんな実績者がいるんで、そこを見 まくれるっていうのが自分で言うのもあれ ですけど、いいところだなっていうところ ですね。あとやっぱ僕が最近言われるのは やっぱフィードバックめちゃめちゃしてる んでそれだけのメンバーのフィードバック を全部自分1人でやってるんで結局精度 高いと思います。もこの人の課題これだ からこれを絶対解決しなさいみたいな感じ で言うんですけどこれをどんどん継続して いきましょうとかネクストアクションとか あと言ったりするアクションで次こういう
(13:49) ようにしましょうっていうのを伝えたり するってのは自分が決めてるんですけど、 ま、そこの制度はかなり高いと思います。 これだけの実績者を1人で見ているし、 さらに実績者もめちゃめちゃ出てきている んで、だんだんとセールもめちゃめちゃ 高くなってきてるんで、ま、今世も多分 動画とか見てもらってるかなと思います けど、追加報告の動画、あと課題の動画と かも是非他の人も見てほしいな思います。 これだけの実績があるアヌマンさんも良かったというところなので、ま、本当に有益なものだと思いますので是非と他に何かマネタイズに関しての考え方がかなり柔軟になったかなと思います。ま、さっき言ってた月の皆様の報告を見て、ま、講座生の方も、え、かなりの人が結果を出していて、ま、しかもそのマネタイズしているジャンルがもうなんか色取り取りというか本当に AI といろんなものを書け合わせたりして、ま、 AI だけじゃない、え、稼ぎ方とかされてる方とかも多い。 自分も工夫して行動するきっかけになりました。 うん。本当にジャがめちゃめちゃひどいんですよ。
(14:58) やばいです。 本当にたくさんのジャンがいるんで、今おっしゃっていただいたようにあ、こういう捉え方とかするとこういうジャンルでも稼げるんだなとかそういうのが意外と自分の今やってる業務に稼りする。 [音楽] 完全にジャン違うってわけでもなくて結局僕たちはコンテンツ販売とか AI とか、ま、それこそ運用代行とかそこにだいぶ広格されて はい。うん。そこの細かいジャンル、 ライティングをするとか画像やるとか音楽 やったりとか動画やってる人とか開発やり たりしてとか、ま、結構いっぱいジャンル がいるんですけど最終的にみんな目指すの はコンテンツ販売だとか、あとAIを使っ て何かやるだとか、あとアルマさんみたに コンテ販売ってよりかは運用代行にAI 使って高化する。そういったところを結構 僕は最終的にはゴールとして見据えてるん です。なので、え、みんなのゴールが意外 と一緒なんです。ジャンルが違うけど、 みんな一緒のゴールなんで、ま、そこの ゴールに向かってこういうことやってます 。そういったとこやってますみたいなが、 ま、見放題ったし、そこに関しての僕の フィードバック、この際に近い アドバイスっていうのをみんなにしてるん ですけど、そこも見放題なんで、ま、これ だけ正直だというところでうん。うん。
(16:09) かなり有益の情報あります。ま、ここは 本当にスクールで入ってたのですけども、 スクールで入っていただいた方は是非それ で次の質問ですね。ここは結構大事な ところですね。 実際どういう感じでマネズでしてるのかなというと僕もちょっと気になると思うんで教えていただきたいはい細かいところだとま動画系の台本の作成代行っていうのを AI を活用して、ま、かなり効率的に作成できるようになりました。 他に台本作成以外の、えっと、運用大工業とかに関しても、ま、競合リサーチからコンセプト設計で、え、ま、先ほどの台本作成とか、ま、インスタだとストーリーの作成とか、ま、提案資料の作成とか、あとプレゼントとかも結構 AI で作れたりしますね、最近。はい。と、数値の分析など、ま、様々なところで AIを活用できて効率化できました。 ショート動画っていうのは例えば TikTokとか そうですね、基本TikTok とインスタになります。 はい。どういうジャンル? ま、チャンは結構色々本当にあって、ま、物販系のビジネスであったり、ちょっと裏垢系というか、顔は出してないけど、その後ファンサイトなのに繋げる。そこで台本が必要であれば台本も作成できますし、ディブフェイクとかもありますし。
(17:17) [音楽] うん。いいですね。それでも僕のとかにめっちゃ言ってることって AI が出たことによって運用代行の幅がめっちゃ広がったんですね。 [音楽] うん。 で、これどういうことかって言うと、ビジネス系の物販みって話があったと思うんですけど、今までは物販にある程度詳しくないと難しかった。 そうですね。 やっぱ運用代行するためにはそこのジャンルがある程度詳しくないと台そもそも作れないんですよね。そういうこと僕たち男性ですけども、女性向けの美容の発信の台本作ってくださいとどうしたらいいんだろうね。 めちゃめちゃ難しい。 完全知らないし作れない状態なんですよ、普通は。 でも今ってAIがいるおかげである程度の ジャンジに関してAIが教えてくれる僕 たちは詳しくなくてもAIの使い方を しっかりと分かっていればAIが美容に 関して詳しいんでそこを元に代学 的だと思っていてそこが結構うちの スクールではコンテン3倍と運用代行結構 してるんですけどもそこが運用代行のいい ところですね。はい。で、しかも運用対抗 のさらにいいところっていうのは結構単価 もまだ高い。結構今AIでだいぶ法律化さ
(18:31) れてきているけども、まだ値段はみんな 下げてないですね。そう人間がやってた ベースの金額体なんですよ。これはまだ 世間的にAIがまだ普及してないところも あるのかなって思うんですけど、今まで 10時間かかったことが23時間で同じ 値段で制約 めちゃめちゃいい。めちゃめちゃ熱いと 思っていてどんどん会社やいところなん ですけども、そういったところまで代は 代表も進めです。で、ちょっと詳しくます けど、具体的にこの作業とかで頑張ってる どういうと思うんですかね?はい。ま、 とにかく現場で使う作業に、ま、AIを 活用するように頑張りました。で、AIで 、ま、簡単に台本を作成するみたいなんて 結構、ま、発信でよくされてる方もいます し、ま、それ自体実は、ま、難しくないん ですけど、結局はその発信で本当に使える のか納品できるレベルなのかが、え、重要 だと思うんで、効率はめちゃくちゃ上がっ てるんですけど、ま、実際の実務で、ま、 積極的にAIを活用して、AIで、え、 めちゃくちゃ効率を上げたとしても クオリティが下がってしまったら意味が ないと思うので、その辺りは調整するよう に、ま、思考錯をしました。ま、実例とし
(19:40) ても最初それこそ、え、台本作成で、ま、 次5本ぐらいから受けまして、で、AIで 、ま、本当に6割から8割を作成して、と 、自分で残りをちょっと直して納品でそれ を繰り返していって、ま、満足してもらい ました。で、満足してもらったので月15 本にと台本作成の本数をアップしました。 で、それも同じようにAIで68割は作成 して価値提供を続けます。 ま、クオリティを下げずにしっかりあの納品ができているので、ま、信頼が溜まっており、どうせだったら全て運用代行でっていう相談があります。その後、ま、やっぱりミーティングとかでも、ま、 AI で資料を結構ガチガチ作ったりして、ま、将談っていう形で、ま、運用代行の、ま、制約で、ま、 3ヶ月、えっと、22 万とかで取れた例があったりしますので、ま、実際の持っている SNS スキルとかを掛け合わせて、ま、効率的に活用してマネターできたかなと思います。 ま、AI の使い方もそうなんですけども、平安の仕方もめちゃめちゃうまいなって思っていて、最初スモードでやってますね。 そうですね。 うん。台本から入って台本で満足してもらうっていうところ。これは結構大事だと思います。
(20:49) で、そこでしっかりと勝ち提供をしてからもうちょっと大きなサービスにつげる小さいサービスから入ってるってところっていうのが結構皆さんは真似してほしいなって思って。 これフロントバスクとかとちょっと似たような考え方なんですけど、やっぱ人間っていきなり高いもので買えないというか怖い。 そうですね。 うん。いきなり30 万の商品ですって言われてもちょっと怖いなってなっちゃうと思うんですけども、例えば [音楽] 1ヶ月とか数万円とかで SNS とか少し痛い任せました。で、それが実際に伸びましたみたいな経験があったら 30も安く感じちゃうんです。 そういったところの遠の仕方はすごくうまいなって思っていて、ま、これが結構制約には繋がってる理由なのかなっていう僕は今感じたことですね。はい。 しかも提供する側としてもスキルを覚え立てとかだと初めから運用代行がっつりっていうのはちょっと怖いって方もいらっしゃるかなと思うんですけど、ま、しっかり台本作成から自分のスキルと、ま、 AI を使って効率的に価値提供しながら、ま、経験を詰めるっていうのはすごくいいのかなと思いました。 確かにですね。 これは審査の成功対面とかって言われたりするんですけど、いきなり大きな目標を持ってしまうと人間脱折しちゃうんです。
(21:56) そうです。 なので小さい経験値ってのをどんどん積んでいくとやっぱ成功していく感覚っていうのがあると人間っていうのインシレーション上がっていくわ出てくるんでそういう小さな成功体験っていうのも結構意識するというね。あと AIのところで言うと具体的にこうやっぱ AI 系はみんな教えたいところがあるかなと思うんでちょっと言える範囲でいいですね。 [音楽] こういうツルを使ってちょっと他と違う自分どんなこと努力してます。 使ってるAI 自体は本当に皆さん使ってるようなもので別に特別なものは使ってないんですけど、ま、現状を台本はクロードで作ってます。 うん。日本語強いです。 そうですね。で、え、コンセプトの設計とか動画を読み込ませるのとかはジニを使ってます。基本コンセプトとかそういう設計とかに関してはぱチャット GPTが多いですね。 はい。そうですね。壁打ちしながら使うっていう形が多くて、ま、ただクロードも台本で使ってるんですけど、ま、結構どの AI も出力は上がってきてるんで、最近、ま、台本作成でもジェミに使ったりもしますし、チャット GPT で台本作成したりもしますし、使い分けながらっていう感じにはなってます。 ま、並びとしては最初にコンセプトを
(23:09) TTPで作って、TTP で作ったコンセプトを元に動とかデニムとかそこを使って代作っていく。 そうですね。 ま、コンセプトとか、ま、そのアカウントの一次情報みたいなものをもうチャット GPD で作ってしまって、かそういう一次情報を反映させる形で台本を作成したりもするので、もう資料としてチャット GPT でもかなりのテキストがあるやつを作ってそれをクロードにぶち込んでもうこういうコンセプトの人の発信の台本を作ってくださいみたいな。 あ、そうです。 はい。 これめっちゃ勉強になりますね。これ大事ですね。 結構多くの人ってどうしたらいいんですか ?聞いてくる人多いし、あと何使えばいい んですか?聞いてくる人多いと思うんです けど。ま、そのために今ちょっと解説し てるんですけど、プロンプトとかって処理 どうでもいいんですよね。グリフとかある けど、ま、実際そこまで変わんないなんで みんなに今覚えて欲しいのはそこの前提 条件みたいなことっていうのをしっかりと 落とし込む。で、それがプノンプトなん ですよ、もは。なので今アルマさんの話で 言うと自分たちのアカウントの一時情報 こういう情報のコンセプトですみたいのを しっかりと与えた上でこのアカウントが
(24:15) 伸びるための投稿の代でなんかすごいプロ を使ってよりかは自分たちの情報っていう のをしっかりとAIに教えてあげるそこが 結構大事なんで皆さん結構ね長文のすごい の人とか好きな人も多いと思うんですけど あんまそんなんいらないのでしっかりと 自分の情報とかを落とし込んでそれを元に なりし ながら、え、ことちょっと変えてくださいね。そういった会話をしながらどんどんとやっていくといいかなと思いそしたらですね、次のご質問です。さんのこれからの戦略について教えていですか? はい。で、今ですね、ま、そういう自分の SNS運用スキルっていうのと、ま、 AI をけ合わせる形である程度結果が出せたので、現在コンサルの方準備中です。ま、その後はコンサルを続けながらコンテンツのブラッシュアップをしていって、ま、半年後ぐらいには、ま、スクール化できたらなと思っております。 これ僕の本当にスクールのドマップ通りです。ここまで行けたら 1000万行けそうです。 ここに向かって是非僕も想していきたいと思ます。 [音楽] で、今考えてる商品どういう内容のコンサルをやるのか教えてもらってですか? はい。講座で学んだことでもあるんですけども、ま、マトさんもよくおっしゃられてるようにやっぱツールの 1 つだと思いますし、ま、どう使うかっていうのが大事なのかなって感じてます。
(25:26) その目的に対してどうやってAIを使うの か、他のスキルなどとどうやって 掛け合わせるのかが大事だと思ってるん ですけど、僕自身結果が出せたのもSNS の運用スキルはAIを使って、え、活用 できたからだと思ってます。ま、そういっ た経験からAI×SNS運用スキルって いうことでAIをフル活用しながらSNS の運用スキルも身につけるっていう コンサルを始めます。Aを使って マネタイズする方法って大田さんの スクールに入ってると分かるんですけど、 やっぱ無限にいろんな、え、方法あると 思います。ただ、ま、僕自身もそうでした けどと初心者の方の多くはやっぱAIの力 だけでマネタイズしようとして、ま、英語 になってしまってる人が多いのかなって いう気がしてます。基本的には、ま、需要 に対して供給を届けることがビジネスだと 思いますんで、と、もうすでに需要がある と分かっているそのSNSの市場で使える スキルを身につけて、ま、さらにAIと 掛け合わせることで、ま、そのスキル 習得ハードルを下げながら、ま、個人でも 稼いでいけるようになることをゴールとし ています。ありがとうございます。AI系 の座って増えてきたかなと思ってるんです
(26:30) けど、このAIかけるSNSってジャン グって、ま、まだまだ、え、少ないところ なので僕もかなり興味があるところですね 。それこそ運用代行とかまで行くと本当に 少ないと思うんで、運用代行の取り方と かっていうのもすごく大事なところなんで 、ま、そういったところもレクチャーして いただけるようなコンサルがあったから、 ま、僕も入りたいと思いますね。大学マジ で熱い。熱いですね。どんどんやきそう です。 初心者には特に自分で商品作るとかって結構難しく感じる方もいらっしゃると思いますし、単純にスキルが身につくっていう部分でもおすすめかなとは思います。 本当にそうなんですよね。いきなりコンテンツ販売やれるのがめちゃくむずいんですよね。やっぱ 0 ロの人がコンテンツ販売するってのは何をやればいいんだなっちゃうんで、ま、僕の座イアントワークやってからまたさんもやりましょう感じは結構豪華です。そうです。 うん。 でしっかりと自分の知識とか経験に積んで からそれを今度は教える進みましょうって いうのが結構多いんで運用大とかってのは 1つ選択してそしたら最後にそこを踏まえ て宣伝とメッセージあれば教えてます。 はい。初心者で01の人がAIを活用して マネタイズしていくんだったらまるまる
(27:40) かけるAIっていう形でやっぱり何かしら の掛け合わせるのがえっとベストかなと 思っています。ま、これは田さんも結構 よくおっしゃられてることだとは思うん ですけど、ま、その上でと自分のコンサル は、ま、ただAIの使い方を教えるって いうだけではなくて、やっぱり、ま、 ネットで稼いでいくんだったらちょっと 切っても切り離せないっていうのが やっぱりSNSの運用スキルかなと思い ます。なのでそこを身につけていきながら 、ま、AIを、え、フル活用していただく ことも、スキルを身につけていただくこと も可能となってます。 ま、実際に、えっと、自分自身が SNS運用の現場の案件で AI を、え、振ル活用して結果を出しているので、ま、副業初心者の方やこれから個人で稼げるスキルを身につけたいっていう方、ま、動画編集とかもすでにできるけど、もっとスキルアップしたいっていう方などには非常におすすめかなと思います。 確かに動画編集とかそういったところもありですよね。 はい。 そこそこの運できてるけどさに大きくったがいいんで動画編集もできてさに上までできちゃうとさっきのアルマさんみたいにかなり価格も上がっていけるのでそういった意味でライティングとかもそうですね台本だけ今やってる人とかもそこれから
(28:48) SNS の運用も力に入れたらもっと高い金額で取れるようになってくるんである程を高くしていかないと売上がんないんでちょっと売上がうまく上がっていかないよて のはサービスの内容をもっとでかくしていくっていうのすごく大事なので、ま、そういったところでセスですね、ま、そこはかなり稼ぎやすいタかなと思いますので、是非挑戦してください。そしたらですね、最後のご質問というところで、ま、僕のスクールも一応バロスクールというとこであるんですけど、実際アルバさんも 1 年ほど、加入していただいて、どんなことが良かった、どんな人に向いてるか、こんな人だったら、ま、入った方がいいです。 はい。そうですね。ま、正直これからAI を使って稼ぎたいっていう人は、ま、全員 対象になるかなと思います。他の受行生の 方もあらゆるやっぱりジャンルで、ま、 AIを活用して結果を出されてるんで、ま 、それ時代が刺激になりますし、本当に いろんなジャンルの情報量がすごく多い です。ま、コミュニティに属しているだけ でも、え、単純に学みがめちゃめちゃ多い です。 で、あとはワ田さん自身のその基準値がめちゃめちゃ高くてスクールっていう形なのにも関わらず受性もかなりいるのにも関わらず未だにその個別フィードバックとかされてるのって、ま、これって別に普通じゃないと思うのでワドさんが全で行動されているからであって、ま、通なくなってもおかしくないのかなと思いますので、あの、ちょっと今がチャンスかなと思います。はい。
(30:09) いや、本当にでも本当にその通りで、あの、結構ね、数も多くなってきたんで、ま、結構正直今本に近いんです。 そうですね。 って名前なんですけど、コンサに近くて、ま、 Zoom とかないコンサみたい。そうです。 結構DM とか別にやってたりとかフィードバックとかみんなにしてたりするんですけども、ま、結構やっぱ限界値っていうのは人数が大きくなってきちゃうと増えてきちゃうので うん。やっぱ先行車有っていうのは間違いなくあるので、ま、今ちょっと迷ってる方っていうのは、ま、同じサービスがずっと続くわけでもないんですよ、正直。 はい。 で、あとこれもうちょっと約してうと SS運用とかの話でも言うと、今 SS 運用大庫は稼ぎやすいて話はしましたけども、これが 1 年後どうなるかわかんないです。なので、結構みんな同じ感じな気がしてるんですね。意識のうちに 1年後も2 年後もなんかそんなに変わないんじゃないか。でもやっぱ市場っていきなり変わる。ゲームっていきなり起きるっていうのをったりと 理解してく必要がって、つが起こるか分からない時代に皆さんいるんですよ。 なので例えばもうAI が禁止になりましたっていう極端なあるかもしれないけど、そういった時にあの時 AI で稼いでたらもっと良かったなみたいな後悔を絶対します。なのでそういった後悔をしないようにもう早めに早めに動きましょう。
(31:23) そこだけちょっと僕とのというところで、え、皆さんに後悔して欲しくないのでもうどんどんと行動して早いうちに動いた方がいいかなと思うので、ま、絶対後悔しないような人生を送ってください。 じゃあこれで以上とさせていただきますので本日はですね、アルマさんお越しいただきありがとうございました。 はい、ありがとうございました。 最後にお知らせです。今度ブラック企業で毎日残業に終われ将来に絶望をしていた私が恋愛活用をわずか半年して会社員の認証を超えて 1000 万以上稼ぎブラック企業をやめて独立。それから信じられないようなスピードで成長を遂げ、営業業から買った半として 4000万円の上げを達成。今ではSNS 総歩道は20 万人を集め数多くの法人件もしています。やっぱ 1 人で達成しました。そして今の動画を撮ってる時点で累計 3億円以上の売上を出した方法を界まで詰め込んだ 50代得典をプレゼントいたします。 1使用AIの使い方完全マスター講座。 こちらはですね、会員サイトとしてお渡し しまして、使用なAIの使い方が全部含ま れてるパッケージサイトになっております 。まず2、 裁タルートでAIを成功させる秘訣。3 最新版AI副業ランキング20254
(32:20) チャATGTP速マスターガイド5 プロンプト作成の黄金ルールAI活用を 加速させる基本と応用など豪華50代得典 をまとめています。注意していただきたい のは公式内の追加だけでは5大特定までで セミナーや無料に来ていただいた方限定の 配布となります。こちらのプレゼントは これだけでも有料級と言われるぐらい かなりの評価をいただいておりますし、 これだけでも2の使い方や稼ぐ方法ですね 、分かるかなと思いますので、是非 受け取ってください。以上です。 ありがとうございました。",2506,29,0,9,
関係構築,11/21,20:00,"1年間。

365日。

8,760時間。

これ、何の数字だと思いますか？

---

ある受講生が、
「無駄にした」と言った時間です。

そのママさんは1年間、
独自の方法でX運用。

毎日投稿して、
教材も買って、
時間もお金も使ったのに...

結果：
・フォロワー100人程度
・コンテンツ販売？無理
・収益？ゼロ

でも、正しい方法を知った途端、

たった1週間で
・インプ◯倍！
・フォロワー◯人増！
・コンテンツ販売準備完了！

「1年間、何やってたんだろう...」
「もっと早く行動しておけば...」

って、めちゃくちゃ後悔してました。

---

これ、あなたも同じ道を
辿ろうとしてませんか？

副業で挫折した人の9割が
1年後も同じ場所にいます。

このまま何もしなければ：
・物価は上がり続ける
・貯金は減り続ける
・「あの時やっておけば」という後悔
・失った時間は、二度と戻らない

でも、今回は違います。

挫折経験を「武器」に変えて、
3ヶ月で月5-10万円の初収益を作る。

その方法、全部12月に見せていきます。

(実は今、モニターでテスト中。
反応が多ければ、実況するかも...？)

※秘密のチャットでは既に公開してます🤭
秘密のチャットはこちら↓↓↓","近日中に会社に依存しない収入減を作る方法を公開します！
乗り遅れたくない人は今のうちに参加しておいてください！
「最新AIマネタイズ完全攻略」
https://bit.ly/45BZYHf",,,,,https://claude.ai/chat/ca355476-0e55-4f79-89ff-5f66998c9795,"副業で挫折した人の9割が
1年後も同じ場所にいます。

理由は簡単で、
「次こそうまくいく方法」を知らないから。

このまま何もしなければ：
・物価は上がり続ける
・子どもの「やりたい」を諦めさせる
・毎月の生活費に追われる日々
・「あの時やっておけば」という後悔

でも、今回は違います。

挫折経験を「武器」に変えて、
3ヶ月で月5-10万円の初収益を作る。

その方法、全部12月に見せていきます。",,"2,630",27,1,1,
教育,11/22,6:30,"最近、気づいたことがあって。
僕、過去に色々失敗してきたんですよ。

副業で挫折したり、スキルアップのために買った教材も途中で放置したり。
「ああ、また無駄にしちゃった…」って、正直落ち込んでました。

でも、ある人に言われたんです。
「それ、全部無駄じゃないよ。むしろ、それが一番の""武器""になるよ」
は？って思いました（笑）。

だって、失敗って失敗じゃないですか。
武器になるって、どういうこと？

でもね。
その人の話を聞いてたら、
「あ、そういうことか…」って腑に落ちた瞬間があって。
「過去の挫折」を見る目が、ガラッと変わりました。

もし、過去に何か諦めたことがある人は、
一度その見方を変えてみると、面白いかもしれません。",,,,,,https://claude.ai/chat/048956b9-8b3a-4003-a1bc-f8ba6c8f5138,,,3113,33,2,1,
価値提供,11/23,6:30,"「忙しいママ・会社員が犯す3つの間違い」

「時間がない」って言ってる人ほど、
効率的な失敗してるんです。

ねえ、これ読んでるあなたも、もしかして…
「時短したいから、週1回だけ投稿」
「忙しいから、とりあえず簡単なことだけ」
「時間できたら、本気出す」
って、やってませんか?

実はこれ、全部…
時間がないからこそ、やっちゃダメなやつなんです。

先日入会された本業で会社員の受講生がいて。
AI開発で攻めるって決めてて、
目標も具体的。

でも、フィードバックで僕が気になったのは…
「自信のなさ」が、文章ににじみ出てること。
「低単価でやった方がいいですか?」
「初心者向けがいいですか?」
って、何度も聞いてくるんです。

で、僕が伝えたのは…
「全体的に自信がなさそうなので、
まず知識で覆していくしかないです」
って。

厳しいこと言ってるように聞こえるかもですけど、
時間がない人こそ、中途半端が一番ダメなんです。

なぜなら、
時間がない→自信ない→安く売る→疲弊する→続かない
この負のループに入るから。

逆に、
時間がない→知識で武装→自信持つ→高く売る→効率的に稼ぐ
このループに入れたら、勝ち。

僕も副業時代、本業ありながら月3000万売ったけど、
「安く、たくさん売る」
じゃなくて、
「高く、少なく売る」
を選んだから、時間なくても回ったんです。

じゃあ、忙しい人がやりがちな3つの間違いって?

①「時間できたら本気出す」症候群
時間なんて、できません。
今の時間で、どうやるか考えるしかない。

②「とりあえず簡単なことだけ」症候群
簡単なことは、競合も全員やってる。
差別化できない=伸びない。

③「自信ないから安く売る」症候群
安く売ると、お客さんの本気度も下がる。
結果、成果も出にくい=評判も上がらない。

もしあなたが、
「時間ないから、週1投稿で…」
「忙しいから、安めの価格で…」
って考えてるなら。

一度立ち止まって、
「時間がないからこそ、どう戦うか」
を考え直してみてください。

時間は平等に24時間。
でも、使い方で結果は100倍変わります。

時間がなくて困っている人に向けた特典記事を今夜配布するのでお楽しみに！",,,,,,https://claude.ai/chat/beebbce9-0ef0-48b2-8dd0-7414b7c4fe35,,,8614,36,10,0,
価値提供,11/24,20:00,"【労働集約から脱出→業務量半分で収入2倍】
「本業あるのに時間切り売りは限界…」

月40万のライターが既存スキル見直しで
✅業務量50%減で月140万
✅3ヶ月で0→100万達成
あなたのスキル、安売りしてませんか?

業務量減らしながら
収入を増やす方法を知りたい人は
いいね+リプで「見直し」で🎁","さん、ありがとうございます！☺️
こちらに解説をまとめました👇
https://note.com/wad0427/n/ndabdc6a6549f

参考になったら@wad0427から元ポストに戻って引用リポストで感想いただけると嬉しいです✨
リポストしにいきます！",,,,,,,"【年収1000万ライター】業務量半分で収入2倍！「仮想通貨×ライティング×AI」で労働集約から抜け出した独自戦略 - YouTube
https://www.youtube.com/watch?v=-TirMATKh5M

Transcript:
(00:00) はい、今回はA受の天井さんにお越し いただきました。よろしくお願いします。 で、僕天井さんが簡単に紹介させて いただきますとですね、アさんはですね、 仮想通貨×ライティングというジャンルで 、え、発信をされておりまして、今Xの フォロワーは1000人程度。これが半年 で伸びたというとこですね、半年1000 人ぐらい達成されておりまして、で、 ワドスク参加ヶ月で0からこの差を開始し 、100万円が達成されたと。 また年収としては1000 万円を超えてるというところで今回お越しいただきました。え、どうぞよろしくお願いいたします。 はい、よろしくお願いいたします。 そしたらですね、簡単に天井さんの方からも自己紹介を、え、ごめんでお願いできますか? はい。えっと、私アマネット申します。えっと、先ほどバさんの方から、あの、ご紹介あったように、ま、仮想通貨とライターに A を掛け合わせることによって、ま、仮想通貨に関する情報や、ま、 SEO ライティングに関する情報を発信しています。 え、現在はその海外の仮想通貨取引所で SEO担当を行いながら、ま、1 ヶ月で、ま、本業と合わせて、ま、140 万円長の売上を達成するなど、ま、現在は自身の結も踏まえてコンサートも行っており、ま、今後スクール展開の方も進めると考えてるところです。
(01:05) うん。ありがとうございます。え、仮想通学ライターというところでなかなか僕のスクールにはいなかったジャンルなんですけども、え、なんで僕の講座を購入しようと思ったのか聞かせていただけますか? はい。えっと、理由としては、あの、2つ ありまして、まず1つは労働集約型のあの 、働き方から抜け出したかったっていう ところと、ま、AIを独学から抜け出し たかったっていうとこです。ま、当時あの 、何気なく、ま、SNS見ていてさんが、 ま、セミナーやるっていうこで参加させて いただいて、ま、先にあげたような悩みも 抱えておって、ま、これを解決していき たいからと思ったからです。で、あの、1 つ目のところなんですけど、ま、副業自体 は、ま、ライティングで、あの、副業自体 を行っていた形だったんですけれども、 クライアントワーク主体で、ま、時間の 切り売りしているってことが、ま、ずっと 気になってました。単純に、ま、AI のこと学びたかったってもあります。え、当時、ま、仕事で、ま、 AI ライティング行っていたんですけれども、ま、あくまで独学だったっていうとこがあるので、ま、体系的に学場所が必要だったと思っていただけです。 なるほど。ありがとうございます。やっぱライターさんだとやっぱ堂々集約型にはなっちゃいますよね。で、ま、そこをコンテンツ販売だとかちょっと学びたくてうちのスクで来ていただいたというところですね。
(02:05) で、え、実際に僕の講座を受ける前の収益と、え、ま、悩みですね、ま、今だった悩みでもありますけども、改めて教えていただきます。 はい。あの、本業のライティングで、ま、 30 万ぐらいで、ま、副業で合わせて、ま、こっから 10万程度みたいな形で、大体 30万から40 万程度っていうような形でした。 で、特に悩みっていうとこだったんですけども、ライティングで AI を活用していてもなんか先ほどあったように、ま、あくまで労働時間の切り売りで今後の収益を伸ばしていくのが難しいと思ってたんで、ま、どうすればいいのかわかんなかったっていうのが正直あります。 [音楽] うん。なるほど。あります。で、実際にスクしてみてどう変化され? そうですね。あの、基準値が圧倒的に上がったかなと思います。 あ、ワドさん始めもうWスク内のところで すでにもう成功している方々と直接お話 できたっていうことで、もう自分のない牌 に知ることができてもう自分のステージが こう無理やりにも引き上げられたって感じ てます。でもその変化としてはあの コンサルも行えるようになったっていう ことでした。正直自分の経験が寄れ るっていうのが認識できてませんでした。 で、マさん自体もコンサルやっていくのが
(03:02) いいとおっしゃられていたっていうのも あったんで、ま、そういったところを受け て特に準備もなくなんか無料相談から始め ていって、ま、徐々にアップデートを行っ ていった結果、ま、3ヶ月100万円達成 するようになったってことがあります。 であとあのSNS 正直私見ル戦だったんで全く触ってなかったんですけれども、ま、スク少内のコンテンツやったりとかマドさん自体の考え方を知ることができてもう戦略的に進められるようになったんじゃないかなと思ってます。 いや、素晴らしいですね。SNS もあれですもんね。最初におっしゃってた通り、え、半年ぐらいで、 そうですね、もう半年ぐらいですね、大体 50 人ぐらいからスタートしてみたいな形で、もう全然ほぼ 0からスタートみたいな感じです。 すごいですね。本当に今初めてSNS やって6ヶ月で1000 人も達成して、ま、そこで 100万円の売利上げも達成された。 そういうことです。 ま、ほっていうのは多分結構皆さん、え、数が多くないといけないのかなと思うかなっていう人もいると思うんですけども、ま、さん見たく 1000人ぐらいでも100 万円でね、達成可能なので、意外と手が届く範囲かなと思いますね。な、やっぱ基準値は大事ですよね。
(04:00) ま、お会員も井さん来ていただいたと思う んですけども、ま、お会いに参加して いただいて、ま、やっぱ僕のスクールは かなり稼いでるメンバーが多いという ところなので、こんだけ稼いでる人たって こんなにやってんだなとか、こういうこと もやってんだなとか、ま、自分よりも稼い でる人の方がすごい頑張ってると自分を もっと頑張んなきゃなって気持ちになるん ですよね。この設定ってなので、そういっ た刺激っていうのを受け入れるような仕組 みっていうのは僕のスクールではかなり、 え、意識してるところなので、ま、そこが 聞いていて良かったかなと思います。 で、え、美アクターをちょっと整理させていただくと、美の段階では副業で月 10万程度で本業で月 30 万ぐらいが稼げとで、そこからアフターの段階では、 ま、平均ベースで大体 50から60 万ぐらいっていう形で最高が月収ベース 140から50万ぐらいって形ですかね。 おお、いいです。だいぶ上がりました。最初にあったような労働時間とかっていうのは解消されつありますか? そうですね。 あの、仕組みとして徐々に解消されつある形なのでゴールがある程度見えてきてるていう状態になってきてるのかなって思ってますね。 そうですね。やること結構決まってきてますよね。で、そしたらですね、今あのビフォーアフターの決め手となったもの僕の講座でどういうことが良かったかがこういう決めになったか、え、教えていただきまずはその考え方がなんか圧倒的に変わっていったのかなと思ってました。あくまでなんか時間を切り売りするっていうんではなくてどういう仕組みで落とし込めばマネタイズが安定的に仕込めるような形になっていくのかっていうのが思考は変わっていったかだと思います。
(05:22) で、なんかすでにもう先ほどあったように もう成功している方々がいる環境があった ので、も、そういったところで自身に気が ついたってとこでした。で、自分の知識が 価値がないとなんか無意識として思ってい たんですけれども、ま、実はもうすでに 売れる内容だったっていうのが入ったとこ で切り過ぎました。で、これでもう自分の コンテンツ売っていいんだっていうの考え 方も変わっていきました。で、またその フィードバックを得られる環境っていうの もすごい良かったのかなと思ってます。 正直1人で進めるのって、ま、難しいと 思ってます。で、そこがもう なったらそのいつでも質問できる環境が あって、ま、その質問に対して、ま、適切 なフィードバックをやられるってお なかなかないんじゃないかなと思ってます 。え、特にこうアドスクマネタイの幅が むちゃくちゃ広くて、どんな質問しても 適切なフィードバックを得られたので 間違った方向性に進む前にあの方向修正 できたっていうのが大きかったんじゃない かなと思います。はい。ありがとうござい ます。そうですね。最初のところで言うと 本当に天ねさんは実力がすごいある本業で もしもライターやってらっしゃって、え、 元々実力があったところだって、ま、そこ
(06:18) をね、僕が自信をつけてあげて、え、 コンテンツに誘導できたのがやっぱ1番の 最初に演説が出やすいとなんですよね。ま 、結構この辺っていうのは多いい悩みと いうか、特に本業だとかすにやってる人 っていうのは、ま、自分より上の人って 多分たくさんいるんですよね。自分より 知識がたくさん持ってる人って言れるんで 、ま、自分の知識なんて価値がないと思い がちなんですけども、やっぱ副業の世界に 入ってくるとそこは結構変わってきていて 、ま、自分の知識でも売れるというところ 、ま、そこの自信が付けられたのがかなり 良かったかなと。で、あと、ま、フィード バックめちゃめちゃ大事ですね。これ自信 にも繋がってくるんですけども、結構1人 で進んでいくと自分が進んでる方法が合っ てるかわかんないんですよ。だから自信も つかないんですよ。で、え、僕はここを しっかりとこの方向性大丈夫ですよと、え 、そこも伝えてあげたりするんですけど、 ま、そこで自信をつけてあげることによっ て、え、自分に進んでるんだなと、え、 そう考えることが、え、すごく大事になっ て、ま、そういった先生だとか、ま、自分 の指導をしてくれる人っていうのは あんまり稼げてない人は、え、是非見つけ
(07:18) てみるといいかなと思います。で、そし たらですね、次のご質問ですね、どうした か教えてもらえ、マネタイズあるの2つ ありまして、そのライティングとコンサ ルってところです。で、ライティングの方 なんですけれども、スカウトを受けまして 、ま、大体月50万程度のところオファー いただいてた形です。で、これでなんか 業務が半分になったんですけど、収入ほぼ バイク近くになったってとこでした。で、 コンサルのところに関しては、ま、SNS 定期的に無料相談の実施してまして、ま、 仮想通貨×AIに関するコンサルの、ま、 1件、あ、20万程度っていうところから スタートしていって、ま、徐々に値上げて いった結果、ま、100万以上売り上げて 形になってます。 トっていうのはどういう経緯だった?リンクトインっていう形のその SNSのビジネス版、Facebook みたいなのあるんですけれども、そちらのところで、ま、あの、海外の方からあの、的にあの、オファいただいてまして、で、そこんところであの、ま、リクルーターの方繋がってまして、で、そこからあの、オコアがあってスカウトを受けたって形です。 [音楽] お、そうです。実際にこれだけ、え、ライティングでコンサルで今稼いでらっしゃると思うんですけども、え、具体的に作業して頑張った、ま、これだけの結果を出すに頑張ってきたことはどういうことで、
(08:13) [音楽] そうですね。 あのライティングのところはもうすでにもうやっていたことのあの継続っていうところになったんですけども、その特にあの収力したとこに関してはコンサルのところです。で、ここで頑張ったとこって何なのかってところとあの顧客満足度っていう形です。じゃ、そのままずあのコンサル開始前にニーズ把握のためだけに無料相談を実施しました。で、そこでま、ネーターニーズを元に無料相談会のところを、ま、落とし込んでいったって形です。 [音楽] で、また相談者の方々にこう事前に解決し たい悩課題であったりとか悩みをお聞きし て相談会で圧倒的な価値提供を行うことで 俺でもここまで勝ち提供してもらえる ならって思えるような、ま、相談会をして きました。で、コンサルの内容に関しまし て、ま、内で行ってるような勉強会だっ たらグループコンサルをこう実身で行っ たりすることにやったりとか、ま、あの、 関連する情報っていうのも自動で キュレーションできるようなボットコーチ も行いましたんで、ま、コンサルの方々が 、ま、成果を出せるような形で取り組んで いる形です。おすごいですね。500万度 めっちゃ考えてますね。 なかなかここまでしっかりやれてる人はあんまいないんじゃないかなって思います。で、実際コンサル前の流れのト線っていうのはどういう感じで募集しました?
(09:18) そうですね、そことに関しては、ま、プレゼント企画でやったりとか、ま、 Xの方で告知して当時は DM で対応したりでやったりとかで個別相談でコンサルっていうような流れありました。 うん。 で、ま、フォロドアが1000人ぐらいで 一部公式ラインとかでも方で対応して、ま、大体 80人ぐらいって形ですかね。 なるほど。公式内に802 円ぐらいで別相談とかどれくらいやったんですか? ウス相談は多分10件未満ぐらいですね。 ま、1000というとこですね。 そんなとこですね。 多いで、ま、実際のコンサルの商品としてはどういう内容をやってるんですか? えっと、簡単に言うと、もう私と同じことができるようにやってもらえるっていう思想で行ってます。 で、それじゃあ具体的に何なのかってとこなんですけども、仮想通貨投資やライティングについてのナレッジを再現性であったりとか、ま、生きた知識経験を伝えられるようにってことも大切にしている状況です。 おお。 再現性とかっていうのはどういうところで頑張ってるか? [音楽] そうですね。そこところに関してはその、ま、具体的に私が行ってる内容を言語化した上でこうブレイクダウンしてこういった段階を経ていくんだっていうところを伝えたりであったりとかそう細分化してお伝えしているっていう状況ですね。
(10:21) 素晴らしいです。ありがとうございます。で、次の質問でこれからの戦略についてはどういったこと考えてますか? 1 月頃にスクールの方を展開をしていきたいなと考えてます。 これまで終わってきたあの知識投資の内容 も棚直しつつ、ま、それをコンテンツの方 にしていった上で、ま、スクールの方々に あのごしるような形していきたいと思って ます。で、またはその集客の最大化って とこも考えていきたいと思ってます。で、 これまでその正直プレゼント企画って そんなに行えてなかったので、ま、外中 なども含ま外部活用して、ま、リストし とくところに行っていくっていう予定です 。で、またそのあのコンサル性の実績を 出してもらうっていうところがまず1番か なと思ってます。ま、現在その5 人程度コンサの方、抱えてる状況だったんですけども、こちらの方々が、ま、収益の向上のサポートを、ま、全面的にして行っていきたいと思ってます。 これによって、ま、クリーンでかつ再現内容であるってことを証明できるようにしていきたいかなと思ってます。 ま、そうですね。だいぶ、ま、僕のロードマップ通りというか、やることっていうのはすごく決まってますし、あの、僕が伝えたことっていうのもすごく理解されてるなって思っていて素晴らしいですね。
(11:17) で、やっぱあの受の実績っていうのが やっぱ最終的にはすごく大事になってくる とこなので、ま、顧客満足度も上げつつ やっぱり旅行性の実績をしっかり出すこと 。で、これっていうのが最終的には自分の 売上にはもなってくるんですよね。なので 、え、そこをしっかりと理解されていて、 え、素晴らしいかなと思いますので、 引き続きですね、ま、コンサの中でも再現 性があるようにどうしたらいいか、ま、 そこをしっかりと思考して再現性が出た 段階で、え、最終的にスクールっていうの を販売できると、ま、これ結構いくんじゃ ないかなって思いますね。 是非ここまで頑張っていけたらと思います。え、最後に今見てる皆さんに向けての宣伝だとかメッセージありましたらお願いします。 はい。私がお伝えしている内容としては、ま、仮想通貨で増やす力でライティングで稼ぐ力で AI をそれならをあの加速させるようなものを展開しています。仮想通貨ライティング AI。 これを全部把握してる人ってなかなかないんじゃないかなと思ってます。私はこの 3 つともその生きた式としては、ま、制することもできます。 で、またAI によって、ま、仮想通貨でやったりとかライティング、ま、 3 人ハードルがめちゃくちゃ下がってます。仮想通貨もライティングもまだまだ伸びる場ですので、積み上げたスキルっていうのは一生物だと思ってます。で、そのスキルをさらに伸ばしていくのが早いですね。参入するっていうのはもう今だって正直感じるところなんで、もしあのご興味あればご連絡いただければと思います。
(12:28) 通貨も今結構暑いですね。 熱いですね、今。 うん。すごいですね。熱い仮想通貨と Aどっちもやってるあんまいないですよ。 なかなかポジション的にもいないかなみたいな感じのとこですね。ま、 結構どっちも追うのは大変ですもんね。 結構この辺なかなか情報収支大変なんて感じです。で、え、公式ラ [音楽] LINE でプレゼントされてるんですかね? そうですね。公式LINE の方でもプレゼントを行っておりまして、ま、活想通貨× AI の、ま、ロードマップであったりとか、ま、他には無料プレゼント公開してますので、もしご興味あれば登録していただければと思ってます。で、またその X で不定期でプレゼント企画も行ってきますので、ま、是非ご確認いただければと思います。 はい、大丈夫。概要欄の方に公式内のリンクを貼っておきますので、え、是非興味ある方は登録してください。 名前さんに関しては先ほどあったように 仮想通貨とダイキングとAI全てを把握 するというところでこれなかなかいないす ね。僕も色々見ていましたけどもそもそも 仮想通貨とAIと詳しい人自体もあんまり ないっていうところなので仮想通貨も僕も 結構学びたいところかなと思いますので 是非その加長通貨かけるAIというところ
(13:26) も学みてください。 最後ですね、僕の講座もありまして、で、僕の窓スクに今回、え、天井さんも入っていただいて、ま、どういう人にお勧めしたいかとか、どういう人のが向いてるなとかありましたら教えてください。 はい。まずその副業で、ま、少しでも稼いでいきたいって人はもう全員お勧めできるんじゃないかなと思ってます。で、またこうすでに稼いでいる人っていうのは、もうそれを飛躍させることもできますし、全く副業初めてですって人も何時から始めたらいいかってとこ相談できる環境があるので、どんな人でもこうせる 環境にあるんじゃないかなと思います。 またこうアドさんも始めこう実際に めちゃくちゃ稼いでらっしゃる方々ともう 直接触れ合える機会が増えると自然と自分 の基準値が上がってあの人はここまでやっ てるんだから私もって正直あるんじゃない かなと思います。自分の収入ってま、修理 の人によってま、変わるものじゃないかな と思ってます。ま、そんな環境に身を置く ためにもガトスクに参加してみ るっていうのは今のAIっていうその ビッグウェイブ波乗りするためにも、ま、 最適な環境なんじゃないかなと思ってます 。新しい環境に飛び込むって勇気のいる ことかもしれないです。
(14:22) じゃあその新しい環境で頑張ったらきっと素晴らしい光景を目にすることができるんじゃないかなと思います。 おお、素晴らしいメッセージですね。ありがとうね。本当に環境ってめちゃめちゃ大事い位でやっぱ自分を変えるのって結構難しいと思うんですけども環境を変えるのっていうのはま、勇気だけあればできるかなと思いますので是非自分を変えたい人っていうのはまず環境から変えるのがいいかなと思いますので是非僕のスクールの方にも、え、お越しただければと思います。 [音楽] それはですね、これで以上とさせていただきますので、え、天井さん貴重なお時間ありがとうございました。 はい、ありがとうございました。 最後にお知らせです。元ブラック企業で毎日残業に終われ将来に絶望していきた私が恋愛い活をわずか半年して会社員の年収を超えて 1000 万以上稼ぎブラック給を読めて独立。それから信じられないようなスピードで成長を遂げ、平医療から買った半として 4000万円の売りを達成。今ではSNS 双報歩道は20 万人を集め数多くの法人件もしています。 1 人で達成しました。そして今の動画を撮ってる時点で累計 3 億円以上の売上を出した方法を限界まで詰め込んだ得典をプレゼントいたします。
(15:17) 1使用AIの使い方完全マスター講座。 こちらはですね、会員サイトとしてお渡し しまして、使用なAIの使い方が全部含ま れてるパッケージサイトになっております 。まず2、占いと損する最短ルートでAI を成功させる秘訣。3最新版AI副業 ランキング20254チャATGTP速 マスターガイド5プロンプト作成の黄金 ルールAI活用を加速させる基本と応用 など豪華50代特典をまとめています。 注意していただきたいのは公式内の追加 だけでは5得典まででセミナーや無料に来 ていただいた方限定の配布となります。 こちらのプレゼントはこれだけでも有料級 と言われるぐらいかなりの評価をいただい ておりますし、これだけでも2の使い方や 稼ぐ方法ですね、分かるかなと思いますの で、是非受け取ってください。以上です。 ありがとうございました。","1,177",22,0,9,
プリローンチ,11/25,20:00,"朝、出勤前にバタバタ。
夜、子ども寝かしつけてクタクタ。

「副業?無理でしょ」

そう思いますよね。
僕もそう思ってました。

でも、通勤時間と
寝かしつけ後の30分だけで
月10万の仕組みは作れます。

12月中旬、5日間の無料チャレンジで
その方法、お伝えします。

「時間ない」は、もう言い訳にならない。
人生変えたい人は↓↓↓","12月中旬に会社に依存しない収入減を作る方法を公開します！
乗り遅れたくない人は今のうちに参加しておいてください！
「最新AIマネタイズ完全攻略」
https://bit.ly/45BZYHf",,,,,,,,"10,000",3,13,48,
教育,11/26,6:30,"仕事終わり夜中まで競合リサーチ、商品設計。
週末は1日中LP作成。

3ヶ月続けて得たもの？
睡眠不足と友人の心配だけ。

「コンテンツ販売って
 こんな地獄なの？」

ストレスで10㎏太ったし
そんな2年前の自分に
教えてあげたい。

いま月1000万以上稼げて、
自分がやりたいことやれているのは、
""頑張るのやめた""からだって。",,,,,,https://claude.ai/chat/15f93498-0bc8-4ea3-a562-b6606d298ea8,,,3370,44,2,3,
教育,11/26,20:00,"コンテンツ販売の作業工程

✓ 自社分析
✓ 競合分析  
✓ 商品設計
✓ プロモーション設計
✓ 販売導線構築

これ全部、本業の合間に？
子どもの寝かしつけた後に？

僕も最初この工程表見て
「無理ゲーじゃん」って諦めかけた。

でも、やり方変えたら
週3時間で回るようになった。

時代、変わってます。",,,,,,https://claude.ai/chat/15f93498-0bc8-4ea3-a562-b6606d298ea8,,,4979,49,5,0,
教育,11/27,6:30,"「GPTs使えば簡単でしょ？」

って言われるけど、正直
それでも地獄ですよ。

プロンプト考えて→3分
出力チェックして→5分
修正指示して→また3分

これを自社分析、競合分析、
商品設計...全部でやる。

1つのコンテンツで
結局3時間とかかかる。

副業で、これできます？

僕には無理でした。",,,,,,https://claude.ai/chat/15f93498-0bc8-4ea3-a562-b6606d298ea8,,,削除,,,,
価値提供,11/27,20:00,"副業で失敗した経験、ありますか?

僕は腐るほどあります。
受講生からもたくさん聞いてきました。

・せどりで在庫の山
・ブログ100記事書いて収益300円
・Webライターで消耗して体調崩す

でも今思えば、これ全部「コンテンツ」なんですよね。

「せどりで30万溶かした私が教える、在庫リスクゼロの副業」

これ、めちゃくちゃ刺さります。
なぜなら、失敗した人にしか書けないから。

失敗=ゴミじゃなくて。
失敗=あなただけの一次情報。

「何を売ればいいか分からない」って人ほど、実は宝の山を持ってたりします。

過去の自分を救うコンテンツ。
それが一番売れるんです。

その方法を知りたい人は👇👇👇","12月中旬に会社に依存しない収入減を作る方法を公開します！
乗り遅れたくない人は今のうちに参加しておいてください！
「最新AIマネタイズ完全攻略」
https://bit.ly/45BZYHf",,,,,https://claude.ai/chat/15f93498-0bc8-4ea3-a562-b6606d298ea8,,,"4,360",31,4,1,
教育,11/28,6:30,"ノウハウは知ってる。
教材も持ってる。
でも、できない。

この苦しさ、分かる人いますか？

僕、2年前まで
典型的なノウハウコレクターでした。

問題は「知識」じゃなくて
「続けられる環境」だったんです。

いま思えば、
あの挫折があったから
今がある。

過去の失敗、
無駄じゃなかったです。",,,,,,https://claude.ai/chat/15f93498-0bc8-4ea3-a562-b6606d298ea8,,,"6,327",53,8,1,
価値提供,11/28,20:00,"【元多重債務・中卒→9ヶ月で3000万】
「スキルも知識もない。でも家族のために…」
何度も失敗した35歳パパが環境と思考だけ変えて

✅副業月100万→独立後月600万
✅Xフォロワー1300人でも月400万
✅AI×初期投資ゼロで最短収益化

過去の失敗、次こそ武器に変えませんか?
今度こそ成功したい人は
いいね+リプで「リベンジ」🎁","さん、ありがとうございます！☺️
こちらに解説をまとめました👇
https://note.com/wad0427/n/n821ad64e4010?sub_rt=share_pb

参考になったら@wad0427から元ポストに戻って引用リポストで感想いただけると嬉しいです✨
リポストしにいきます！",,,,,https://claude.ai/chat/bb884242-3e85-407d-a733-b1cbfd9ae0ff,,"(3) 【衝撃の手法】月100万で停滞→月600万へ。AIマネタイズで突き抜けた「基準値」の上げ方 - YouTube
https://www.youtube.com/watch?v=l4OqaTEI45c

Transcript:
(00:00) はい、本日はですね、AIマタ受行性実績 者の大木さんにお越しいただきました。え 、大木さんはですね、運営コミュニティの 受行者[音楽]が500人超えとでAI ×税というところでAI漫画系の コミュニティを運営されておりまして、9 ヶ月で3000万円を作成したという ところで今回お越しいただきました。で、 他の、え、経歴としてはですね、AI漫画 作成ツールのアニフュージョンという ツール、そちらの公式アンバサダー、また 最終学歴としては中学で元不登校だったと 。で、また元パチンコ依存症、元多重務者 というところで、え、ま、そこがどうやっ てり上がってきたのか、ま、今回は色々と 深いと思いますので、最後までご覧 ください。 そしたら本日大木さんよろしくお願いし [音楽]ます。よろしくお願いします。 ではですね、まず最初に木さんの方から自己紹介もお願いできますか。 改めまして待機と申します。え、わざ紹介ありがとうございます。え、私はですね、 AI でですね、満貫を作り、え、メンバーの方にですね、え、税を稼げるようになっていただく方法をお伝えする活動をさせていただいております。ですね、え、ま、このネットビジネスの世界 2
(01:09) 年ほど前に副業という形で入らせていただきまして、 1 年間ぐらいコをしながらちこちことですね、業という形で活動させていただいておりました。 当然結果が出て、え、ついてこないでです ね、ま、見切り発射ですね、ま、会社は やめてチャレンジさせていただきました。 そこからありがたいことに9ヶ月という、 え、短期間の間に、ま、3000 万円ぐらいのですね、収益を計上できて いるそんな状態であります。年は、ま、 35歳でですね、え、ま、関東に住んで おり、え、妻と子供2人と、え、生活をさ せていただいてるとそんなペロビです。ま 、今回僕の机の口座買っていただいたと 思うんですけども、ま、そこの理由を ちょっと教えていただけますか?大きく 分けて、え、3つですね、あると思って おりまして、え、まず1つはですね、え、 WADさんの価値観に触れるためいのが1 つ、え、2つ目がですね、SNSのAI 界隈にですね、え、影響力のある方、関係 構築する、枝を貼るためみたいな形がこれ 2つ目ですね。で、3つ目は、え、 リサーチのためですね。この3つ目の最後 はリサーチするため、AI界隈の最新の 情報などをですね、手に入れる必要がある ので、え、これも非常[音楽]に重要な
(02:09) ことなので、この3つがあるかなと思い ます。経緯をお話ししますと、なぜ入った かっていう経緯なんですけれども、 ワドスクに入る前にですね、ワンステップ ありまして、和ドポAI漫画スクールと いうですね、AI漫画スクールっていうの があるんですね。で、ここに最初に入らせ ていただきました。入らせていただいた 理由は、え、私自身ですね、AI漫画作成 するコミュニティを応援してますので、ま 、どんなですね、内容を発信されてるのか 、え、授業講議をされているのかっていう のを知りたかったかな。多分ですね、え、 ほぼ同時期ぐらいに設立されたのではない かなということで、正直ですね、え、他に あんまりなかったんですね、その時がAI 漫画がスクーるっていうのは必然的という か、あ、和ドさんっていう方とみちポさ んっていう方がやってらっしゃるので、 これはちょっと気になるなと。しかも実績 をめちゃくちゃ出されてる方なので、 そんな方がAI漫画のスクールをやってる としたら、ま、めちゃくちゃ勉強になる だろうなっていうことで入らせていただい たんですね。どんな指導してるのか気に なりますし、ま、自分よりもですね、稼い でらっしゃるわさんのその思考とか環境に
(03:05) 触れたいということで、え、もう叩かせて いただいたという形で、あとは実際に和山 漫画スクールのオフ会に参加させて いただいた時に直接ワドさんとお会いする 機会もあったので、え、その際にですね、 あ、ワドさんすごいいい[音楽]方だなっ ていうのが、あ、その時ですね、分かった ので、その後にですね、え、募集の機会が あったので、その時に入らせて[音楽] いただいたと。そうですね。さんは深屋に も来ていただいておりまして、え、結構 話させていただきましたけども、でも すごいですね、あのリサーチ 能力というか競合分析を司会されてるなっ ていう印象があったんですけども、こ れってどういうきっかけ[音楽]でなんか 他の競合とか見るようになったんですかね ?あんまりなんか普通の人って競合リサー ジってあんまやんないというか、え、これ に関しては、え[笑い]、最終学歴が中学 卒業なので、ま、スキルもなければ頭脳が ないと知識がないみたいな感じですかね。 ネットビジネスの知識も全くなかったん です。なのでその状態でうまくいくには どうすればいいか他の方よりも、ま、 スタートラインがですね、後ろの段階で どうすればいいかと考えた時にやはりです ね、うまくいってる方をモデリングする、
(04:08) 真似するというのがですね、唯一の選択肢 というか、1番どうやったら結果が早く出 てくるんだろうなって思った時にうまく いってる方がいたらその人に聞くとか、 その人と同じことをやる。いや、 素晴らしいですね。この[音楽]思考が かなり大事だと思いますね。やっぱ稼い でる人とかは他人をリサするとか分析する というか、あとモデリングしっかりしてる かなって思っていて、そこの思考が しっかりとされてるなっていうのを今聞い てて思ったとこですね。ま、僕の価値観に 触れるだとか、あと講座自体の内容とか 運営の仕方とか、ま、そういったところ までしっかりとリサーチし[音楽]て自分 に落とし込んでるっていうのがま、マジで 素晴らしいなって思いましたね。他の人を 真似していくっていうのはすごく[音楽] 大事なので、まだうまくいってない人って いうのは、ま、自分がやっていくジャの中 で、え、トップの人とかいると思うので、 そういった人のやってることっていうの しっかりと[音楽]分析するし、え、同じ ような環境にやっぱ飛び込んでみてそこ から学ぶことっていうのがありますね。ま 、実際になんですか、ノーハウとは違った なんかコミュニティの運営の仕方とか口座 の構築の仕方とか、え、こういうことを
(05:08) 教えてんだなとか、ま、そういったところ をしっかりと学ぶと、え、自分も[音楽] 講座とか、え、やりやすくなるので、ま、 今後講座とか考えてる人っていうのは 何かしらの講座っていうのは入ったおば いいかなというところです。ではです [音楽]ね、次のご質問です。僕の講座を 受ける前どれくらいの収益だったか、また 購入前の悩みについて教えてもらいます。 収益自体は、え、既でにですね、AI漫画 が抵抗を始めていたので、ま、平均で月 100枚ぐらいでした。でですね、え、 悩みに関してなんですけども、結論から 言うと悩みがないことが悩みでしたと言い ますのも、ま、悩みがですね、あったら その悩みを解決するアクションを起こせば いいだけかなって思うんですね。もしそれ が分からないとしたらリサーチする。この 悩みを解決したり、最近でしたらね、AI に聞いたりすることもできますし、ま、 得意な方、それを得意な方にですね、お 願いすれば解決できたりすることって色々 あるので、ここら辺は問題してなかったん ですけれども、悩みがないっていうのは これ結構私自身大きな問題かなと思ってい て、あと自分で今やってることが自己流な んじゃないかっていうところですね。なの
(06:07) で、ちょっと不安になってるみたいな ところですかね。うん。 自分よりも結果を出してる方、楽しい道を知っている方に教えしていただく、アドバイスだくってことが近道なんじゃないかなということで内を解決できた。こんな感じですね。あ あ、ありがとうございます。これは贅沢な悩みですけど、ま、も結構あるかなとは思っていて、ま、トン子で行きすぎると、ま、結構あるというかで、月 [笑い] [音楽] 100 万ぐらい、え、美法の段階で稼げていらっしゃるんで、ま、金額的にはだいぶいいじゃないですか、やっぱ。うん。 ま、そうなってくると目標とかも失って くるし、今後何しようかなっていうところ がやっぱちょっと曖昧になってくるんです ね。この辺ってその今後の自分を何したら いいんだろうなっていうとそういった ところがま、ちょっと悩みだったのかなっ ていうとこですかね。で、ま、そこに関し て、ま、僕のスクールとか入っていただい て、ま、他の受行生とかがやっぱり何千万 とかのプレイヤーとかもいたりするんで、 ま、そういうプレイヤーと暮らすことで、 え、自分の価値観だとか基準値っていうの を、ま、少しずつ変えていくことができた のかなというところかなというとこですね
(07:07) 。 え、ま、実際に受行してみてはどう変化したか教えてもらえるんですか? やっぱりですね、1 番大きいのは認知外の体験をさせていただいた、え、知識を与えてくださった、え、選択の仕方も変わりましたしましたね。 AI 画像のマネタイズ方法からインスピレーション、何か気づきを得たりとかそんなこともできるんですね。え、認知外のところにも繋がってくるんですけども。なので、ま、それを今やっているコミュニティにかせるところが非常に大きいかなって思います。 [音楽] マドスクのオフ会で多くのね、実績を出さ れてる方、受生の方と接する機会が たくさんありますので、え、そこでもです ね、数多くの刺益をいただいてるっていう 形で、あとはやはりマドさんはSNSで 集客非常に素晴らしいね、結果を出されて 、ま、その考え方、ロー論地の方法とか 集客の方法とかでもですね、実際にWスク 少ないのコンテンツで体験したりとか、 あとはフィードバックでですね、 アドバイスとか、SNSの投稿の面とかも 非常に楽になったっていうところがあり ます。はい、[音楽]ありがとうござい ます。 数値的にはアフターはどれくらいになった? あ、はい。え、売上ベースで言いますと平均がですね、え、ま、
(08:07) 400 万円ぐらいになりまして、最高は、え、 600 万円の売上を達成することができました。 おお、すごいですね。ま、美だと平均 100万ぐらいだったのがで、え、平均月 400 万ぐらいですかね。いや、素晴らしいですね。 4 倍も言ってるじゃないですか。すごいですね。 変化の決め手はどういったことができますか? [音楽] え、特に、え、大きかったものをいくつか上げさせていただくとビジネスに対する見方がちょっとですね、変わったかなっていうのなりまして、ワドさんのですね、講座内容はテクニックだけじゃなくてマインドとかつまり思考とかに関する内容のコンテンツもあるんですね。うん。で、このマインドのコンテンツめちゃくちゃ大きかっすね。で、あとは基準値、自己効力感がめちゃくちゃ上がったっていうのを私自身、え、感じたところです。これね、実はめちゃくちゃでかいんですね。 [音楽] で、ま、ほとんどの方これ意識して手に 入れてないですし、意識して身につけてい ない方が多いんじゃないかなと思うんです けれども、結果を出すためにはですね、 必須クラスの、え、ものじゃないかなと。 簡単に言うと、ま、モチベーションを 上げるみたいな感じで、え、捉えて
(09:07) いただいていいかなと思ってまして、稼ぐ ためには正しいですね、え、考え方を持ち 、全力でそれに取り組む必要があると思い ます。で、このモチベーションと考え方 っていうのは1人でですね、見つけるのが ね、非常に難しいと思ってます。で、ま、 ワドさんからこの教えてもらったマインド ですね。ま、私のコミュニティとかでもお 伝えしてるとこではあるんですけれども、 モチベーションと考え方をワ藤さんから 吸収させていただいた形ですね。正直な ことを言いますと、私が接する中で、え、 ワドさんトップクラスに、え、稼い でらっしゃる方ですよね。大変おがましい んですけれども、ま、ワドさんと接する ことでめちゃくちゃ稼いでる人と知り合い になることができるわけなんですね。で、 よく皆さん聞かれるかなと思うんです けれども、周りにいる5人ぐらいの平均 収入が自分の収入みたいな話ってよく聞く かなと思うんですけれども、あれですね、 多分、え、本当じゃないかなと思っていて 、これの考え方は私、え、腑に落ちてるん ですけども、ま、近くに行くことで地震と か、あとはさんがこれぐらいの作業量を やってこれぐらい稼いで点だから高発の私 がこんな作業量でいいわけないよねみたい
(10:05) なところとか色々感じるところがあるん ですね。 まさんがどんなことしてるかっていうのとオフ会に行けば実際にお会いするチャンスがあるので入らせていただいて良かったなと思ってます。 いや、本当にここがだいぶ大事なところで僕もかなり、え、講座内でも強く行ってるところではあるんですけども、え、ま、 AI の情報だとか、マネタイズの方法だとかっていうのは、ま、正直うちのスクではおまけにしかすぎないんですね。で、今太大きさんがおっしゃってくれたような、まず環境だとか、あと思考面のところ、ま、ここはかなり僕が力を入れているとこになります。 で、やっぱ環境が変わると人は変われるし 、え、思考が変わると人間は行動が変わる ようになるんですね。なので、まずはそこ の環境[音楽]を変えること、思考を 変えること、ま、そこをしないと稼げない 人っていうのはずっと稼げないんですね。 なんでどんだけいいノーハウがあったかと してやっぱあのやらなくなっちゃう。 モチベーションが保てなくなっちゃったり とか、まずは環境を変えること、また思考 を変えることそういったとこを、え、これ がやっていく人は[音楽]チャレンジして 欲しいかなと思います。 あの、基準値がやっぱり結構大事で、ま、
(11:08) やっぱ稼いでいくとは勝ってくるんです けど、ま、自分が頑張ってるつもりだった ものが僕とか大さんから見ると、ま、 大したことやってなくないみたいな思っ ちゃったりとかするところもあるんですね 。なんで他の上位層がどういう基準値で [音楽]仕事してんのかなと、ま、そう いったことを知れるっていうのが、ま、 コミュニティのいいところかなと思います ので、他の人がどんなことしてるのか、 どういうことを考えながらやってるのか、 そういったことを知ると、え、稼ぐに [音楽]近づいてくるというところですね 。ま、ノンハウっていうのは正直系なんで 、まずはそういった、え、環境と思って いうのを変えていってください。そしたら ですね、次のご質問ですね、実際に、え、 収益として3000万ぐらい上げてると いうところ思うんですけども、どうやって マネイズしてるか教えてもらいますか? どうやってマネタイズしてるかについてな んですけれども、AI漫画のコミュニティ をですね、運営させていただいてるので、 コミュニティに参加していただいた方の 一部ですとか、あとは参加費が売上という 形で、え、いただいてるという形ですね。 はい。 で、実際に具体的に作業して頑張ったところとかありますか?
(12:06) え、そうですね、5 つぐらいあるかなと思っておりまして、まずはですね、え、目標設定を行って、ま、そのに結びつかない内容は勇気を持って諦めるなので、ま、大事なのっていかにそれをやめるかみたいなとこだと私は思ってます。で、あとは私以外でもできるタスクは移任するということですね。 どうしても自分でやったがこれ早いし うまくできるだろうなっていうところは あるんですけども、それをやっていると やはり時間がいくらあっても足りないと もっと重要なことができなくなってしま うってところがあるので、ま、移任するっ ていうところも意識してるとこです。はい 。で、あとはですね、え、自分が得意と するタスクをするために時間を最大化 するっていうとこですね。で、あとはです ね、とにかく作業しまくる[音楽]ですね 。立ち止まっていても何も始まらないので 、とにかく何かしらやるしかないんですね 。ま、とにかくやるっていうことが重要な ので、ま、ここもですね、かなり意識し てるところですね。で、ま、最後に しっかり休むってことですね。週に1回。 これもめちゃくちゃ意識してまして、休ま ないで毎日やってたら私ですね、PC画面 が見れなくなるぐらいこう頭痛してもう
(13:03) 一切画面見れなくなったりとか、あとです ね、固めがちょっとプチした時もあったん ですね。うん。なのでもう週に1回は しっかり休んだ方がいいですね。そして なんか自然を見たりとか、え、休むのも 作業だよということをですね、心がけて いるところですね。いや、素晴らしいです ね。いや、だいぶ大事なことを言っ てらっしゃいました[音楽]ね。で、僕は 特に大事だと思ったところで言うと、ま、 やらないことを決めるというとこですね。 こがすごく大事でやっぱ人間やりたいこと もいっぱいあるし、稼げると思うことって いうのも、ま、いくつかあるのかなと思い ます。1番やるべきタスクっていうのに、 え、最大限の時間を使うと、ま、そこが すごく大事になってくるんですね。ま、 特にAIだと最新情報とかすごい普通出て くるので、ま、新しい情報が出たらみんな 触ったりとか、あ、なんか動画作ってみ たりとか、ま、してしまう人がいると思う んですけど、それちょっと目的が変わっ ちゃってますよね。と、え、皆さんやっぱ 稼ぐために副業してるのって、え、稼げる ものにリソースを最大限[音楽]活用 できるようにしてください。配信でなんか 新しいものが出たからそういうの触ってる と結局稼げなくなっちゃうんで、え、本当
(14:06) に稼げる情報だけを追って[音楽] とにかく作業しまくってれば絶対稼げる はずなんで、もしと自分の目的っていうの をね、考えながら、え、時間を使っていく といいんじゃないかなというところです。 で、ま、今回AI漫画のコミュニティを 運営されてるというところだと思うんです けども、そこの集客だとか同線っていうの は[音楽]どうやってやってるんですかね ?同線といたしましては、え、大きく分け てですね、2つありまして、え、1つは SNSからの集客。こちらはですね、え、 Xがメインとなってます。あとは[音楽] YouTubeですね。で、2つ目は広告 です。広告から、え、集客を行っている かっていう形で、で、え、具体的に中身を ご説明しますと、まずSNSからなんです けれども、プレゼント企画、よく皆さんね 、え、企画[音楽]と呼ばれるものをやっ てらっしゃると思うんですけども、ま、 同じですね、プレゼント企画をやって、 そっから参加していただいた方にLINE 登録をしていただいて、そっから、え、数 日かけて、ま、ステップ配信うん、有益な 情報を渡したりとか、え、ま、信頼関係、 エンゲージメント高めていく。として最後 にこんな商品あるんですけどもいかがです
(15:02) かっていうオファーをさせていただくって いうのがこれがSNSの当選ですね。で、 え、2つ目の広告に関しましては、ま、 リード獲得っていうとこですね。ま、 リード獲得フっていうのは、ま、メール アドレス登録とかLINEご登録いただく で、え、この後に、ま、プレゼントそれ ですね、登録していただいたんでお渡して 、その後フロントエンドというですね、ま 、小さめな商品を購入していただいて、で 、その後にですね、ま、もうちょっと 大きめの商品とか、ま、ここの間にですね 、何らかのこう先ほどSNSで言った ところのステップ配信とか情報をですね、 お渡しながらもうちょっと大きい商品を 買っていただいて、少しを出しやすい 大きめのものをオファーさせていただく。 これが同性になってます。あれですよね。 SNS のフォロワーとかもでもそんなに多くないですよね。 [音楽] そうですね。Xのフォロワーさんは 2500 ですね。ま、元々、え、ワドスクに入らせていただいた時は 1300 人ぐらいだったかなと思うんですけど、結構増えました。 やっぱりX の拡散力ってすごいよねっていうところを教えていただいてるんで、思ったよりもフォロワーさんは少なくても比較的、え、このフォロワー以上のパワーで他に皆さん参加していただけるみたいなところは感じたところであります。
(16:04) 最終的には商品としてはどういうものを販売されてる感じですか? え、商品に関しましては AI の漫画あを作り上げてそれで税で収益化していただくていうところが、ま、え、ま、結論になるんですけれども、え、多くのコミュニティコンテンツがある中で高額のところのスクールに入ってもですね、稼げるかわからないっていう悩み目を持ってらっしゃる方、結果が出てない方ってのが結構いて、で、ソルプラスアルファもそも 01 に時間がかかるっていうところの内目を持たれてる方もいます。うん。 ま、継続できないっていう方が いらっしゃるんですね。すぐ01が達成 できれば私もできたんだと思って継続 できるかもしんないですけども、稼げない と時間かかってしまうところがあると。 うん。なのでそういった方に届けられる、 え、コンテンツがいいかなと思ってAI 漫画でですね、収益化するっていうところ になります。このAI漫画っていうのは Amazonの電子書席プラットフォーム Kindleルっていうとこに出版するの で、非常にですね、投資も最初の初期投資 も少ない。01がすぐ達成できると言って も過言じゃないですね。ま、作る難易度も そこまで高くない。ま、A 漫画作って例えばですね、商業出版っていうとですね、非常に時間もかかかるっていうのはね、理解していただけるところであるかなと思うんですけども、ま、電子席ということで取り組みやすい環境のコンテンツになってるんじゃないかなと思います。
(17:15) はい、ありがとうございます。え、AI 漫画っていいですもんね。僕もコミュニティ持ってますけども、やっぱ出しやすいし、初期費用っていうのはあんまかかかんないところなんで、ま、始めやすいんじゃないかなと思います。 そしたら次の、え、これからの待機さんの戦略について教えてもらいますか? え、この先ですね、どんな戦略スケールしていこうかなっていうことについてなんですけれども、改めてですね、集客にフルコミットしていきたいかなっていうの思ってます。これは SNS もそうですし、広告に関して、え、言えることではないかなと思います。で、あとはですね、 AI 漫画定国、私がやっているコミュニティに参加していただいたメンバーに、集客に参加してただく、これも考えてます。 そうしていただくことでその参加メンバー 自身がですね、因位 の、え、収益化を達成することもできます し、我々運営としても稼ぐ、え、スケール ができるのでの状態になれるんじゃないか なと思ってます。で、あとはですね、 やはり、え、集客先ほど言いましたけども フルコミットしたいのでさらにシステム化 、え、すること、あとは俗人性の排除 みたいなのもですね、進めていきたいと 思ってところですね。はい。はい。
(18:14) ありがとうございます。いいですね。 目標としてはどれかいとかあるですね。 金額ベースってことですかね。やっぱり、ま、ワドさんから言えば、ま、大したことないかもしれないですけど、奥は生きさせていただきたいなっていうところを掲げているので、 ここで宣言したんでいいしかあ あ、ありがとうございます。 そしたら最後に、え、今見てる視聴者の方、え、メッセージだとかありましたがお願いします。 はい。ここまでですね、さんのチャンネルではありますけども、私のお話をですね、聞いていただきありがとうございます。ですね、え、ま、ここまでご視聴いただいた皆さんにですね、え、質問させていただければと思います。 これからですね、私、え、3つの特徴を ですね、述べさせていただきますので、 是非ですね、これに当てはまったら最後 までこの私のお話もですね、聞いて いただければと思います。1つ目がですね 、副収入があったらやりたいことがあ るっていう方で、2つ目が子供の頃漫画を 読むのが好きだったっていう方で、3つ目 が1度作成したら売れ続けるコンテンツに 興味があるっていう方ですね。この3つ実 はですね、え、私が運営させていただい てるコミュニティAI漫画帝国で結果を
(19:12) 出し続けている方のですね、メンバーの 共通点になります。しかもこのメンバーA マガ帝クに参加していただいてるメンバー ほとんどがですね、未芸権だったので、え 、恋愛を使うことで2ヶ月で出版をして 因獲得しているメンバーになります。結果 を出すためにはですね、しっかりとした 理由がありまして、私が運営しているAI 漫画帝国では、ま、専属の講師にですね、 いつでも質問可能なチャットサポートや、 ま、シナリオと画像、別々の専用のですね 、添索システムがあったりとか、あとは ですね、え、実際にベストセラーを獲得 するためのスキームなんかもあったりし ます。これは出版している方の90%以上 の方がですね、え、ベストセラーを獲得し てるので、これも強力なスキームとなって ますね。ま、こんな感じで多くの理由を 用意しており、偶然ではなくですね、必然 を生み出す環境を構築してい るっていうのが、え、私のコミュニティの 大きな特徴じゃないかなと思います。ま、 そんなですね、Aが帝国なんですけれども 、実は、え、このタイミングに合わせて、 え、ただいまですね、え、実質0円で2 ヶ月のサポートを、え、受けることが可能 なですね、キャンペーン中です。期間限定 で、え、店員に達し次第このチャンスを
(20:14) ですね、終了とさせていただきますので、 是非ですね、AI漫画帝国で検索してみて いただければと思います。 また今回はですね、マさんのチャンネルに待機対談動画記念ということで、え、特別にですね、 A漫画テイクで公開している動画コンテンツをプレゼントさせていただければと思います。このプレゼントの受け取り方法としましては概要欄にプレゼント用へ用のですね、 LINE のリンクを配置させていただきますので、そちらからお早めに受け取ってください。 実質円で2ヶ月の札受けですよ。 はい。 これは大得ですね。 やばいですね。[笑い] これでよく売利上げ上がります。すごいですね。はい、ありがとうございます。 是非興味ある方は概要欄のLINEから 登録してみてください。そしたらですね、 最後のご質問ですね。で、ま、僕の スクールもあるので、え、僕のWドAI スクールですけども、え、タクさんから見 てどんな人に紹介したいか、またどういう 人に[音楽]向いてるか教えてもらえます か?そうですね、マドスクはすでに01を 達成されている方とか、あとは結果を出す ためにはある程度作業量が必要だとですね 、理解されている方。ことはそうですね、 もう稼がないとやばいので必死にですね、
(21:16) 死に物ぐらい、え、何でもやり続けれる方 はですね、是非、え、飛び込んでみること をお勧めいたします。で、基本的にどんな 方でもやれば結果は出ると思います。この Wドスクに入ればですけれども、ま、周り の方、ま、少数ではあると思うんです けれども、一定数ですね、口座に入れば なんとかなるんでしょうっていう方 いらっしゃいます。うん。で、これはです ね、え、入るだけでなんとかなるなんか 魔法みたいのあるんじゃないのかなって 思ってらっしゃる方は、え、ちょっとね、 え、やめといた方がいいんじゃないのか なっていうのは私は思ってます。入ってみ てね、結果出ないなみたいな感じになって 欲しくないので、今はですね、入らない方 が逆にいいんじゃないかなと思います。 ですが、逆に、え、ま、お話しした実現し たいことがあるとか、絶対に稼ぎたいよ。 あとはAI 漫画の熱い波に乗ってね、周費化したい結果が出るまでやり続けていただける。そういう風に思ってらっしゃる方は是非ですね、え、ワドスクに入ることをですね、お勧めいいたします。なので、え、是非ですね、詳細を確認してみていただければと思います。 [音楽] はい、ありがとうございます。そうですね、本当に、ま、やる気があれば、え、僕が導くことはできるかなと思いますので、え、ま、本当に死に物りで作業やっていく自信がある方、ま、そうした方は、え、是非僕の方に来ていただければと思います。はい。
(22:23) そしたらですね、今回はこれで以上とさせていただきますので、え、たさん、え、ご登壇ありがとうございました。 ありがとうございました。 最後にお知らせです。ブラック企業で毎日残業に終われ将来に絶望をしていきた私が恋愛活用をわずか半年して会社員の年収を超えて 1000 万以上稼ぎブラック企業を読めて独立。そこそれから信じられないようなスピードで成長を遂げ、医療から買った半として 4000万円のアリを達成。今ではSNS 総歩道は20 万人を集め数多くの法人件もしています。たッパター 1人で達成しました。そして今この動画を 撮ってる時点で累計3億円以上の売上を 出した方法を限界まで詰め込んだ50代 特典をプレゼントいたします。1使用AI の使い方完全マスター講座。こちらはです ね、会員サイトとしてお渡ししましてな AIの使い方が全部含まれてるパッケージ サイトになっております。まず2つないと 損する最短ルートでAIタを成功させる 秘訣。3最新版AI副業ランキング 20254ATGTP速マスターガイド5 プロンプト作成の黄金ルールAI活用を 加速させる基本と応用など豪華50代得典 をまとめています。ていただきたいのは 公式内の追加だけではご特定までで
(23:19) セミナーや無料に来ていただいた方限定の 配布となります。こちらのプレゼントは これだけでも有料級と言われるぐらい かなりの評価をいただいておりますし、 これだけでも2の使い方や稼ぐ方法ですね 。分かるかなと思いますので是非受け取っ てください。以上です。ありがとうござい ました。",削除,,,,
教育,11/29,6:30,"SNSに流れてくる
「最新AIツール」情報。

飛びついてた頃の僕へ。

ツールは変わる。
でも本質は変わらない。

コンテンツ販売の本質は
「誰に、何を、どう売るか」
これだけ。

ツールはそれを速くするだけ。

小手先の情報に振り回されて
2年無駄にした僕が言います。

根本のスキル、
身につけてください。",,,,,,https://claude.ai/chat/15f93498-0bc8-4ea3-a562-b6606d298ea8,,,"3,584",39,5,1,
教育,11/29,20:00,"GPTsの次、来てます。

AIエージェント。

何が違うかって？
「全部勝手にやってくれる」

自社分析→競合調査→商品設計
→LP構成→セールス設計

これが10分で終わる世界。

僕も最初は信じられなかった。
「そんなうまい話ある？」って。

でも使ってみたら...

これ、時代変わるやつです。
時代の変化に乗り遅れたくない人は👇👇👇","12月中旬に会社に依存しない収入減を作る方法を公開します！
乗り遅れたくない人は今のうちに参加しておいてください！
「最新AIマネタイズ完全攻略」
https://bit.ly/45BZYHf",,,,,https://claude.ai/chat/7a930cc6-7237-403a-9bdd-cbe8ab8647dc,,,,,,,
教育,11/30,6:30,"本業：1日8時間
通勤：往復2時間
家事・育児：2時間
睡眠：6時間

残り時間：6時間

この中で副業して
家族との時間も確保して
自分の時間も欲しい。

無理じゃないですか？

だから僕は
「効率」じゃなくて
「仕組み」で戦う。

時間増やせないなら
やり方変えるしかない。",,,,,,https://claude.ai/chat/15f93498-0bc8-4ea3-a562-b6606d298ea8,,,6649,42,12,2,
価値提供,11/30,20:00,"【産後収入0→月100万を2ヶ月連続】
「スキルあっても、労働集約で限界…」
現役漫画家ママが修正地獄から解放された方法

✅作業量3〜4倍で月収100万達成
✅修正回数が激減→納期に余裕
✅AIへの抵抗感→今は最強の相棒に

「AIは敵」だと思ってませんか?
クリエイター×AIの可能性を知りたい人は
いいね+リポで「効率化」🎁","さん、ありがとうございます！☺️
こちらに解説をまとめました👇
https://note.com/wad0427/n/nd0a0158e5ec5?sub_rt=share_pb

参考になったら@wad0427から元ポストに戻って引用リポストで感想いただけると嬉しいです✨
リポストしにいきます！",,,,,https://claude.ai/chat/bb884242-3e85-407d-a733-b1cbfd9ae0ff,"(3) 【産後収入0円→月100万】AIは敵じゃない。AIで「修正回数」を激減させ、作業量3倍＆月収100万を2ヶ月連続達成した方法 - YouTube
https://www.youtube.com/watch?v=5Lj55QrWowM

Transcript:
(00:00) はい、どうもワドです。本日はですね、 AI マイツ講座の自行生の中でもかなり注目の存在となってる方をお呼びしております。現役漫画家として活動しつつ AIを活用して単語0円から月収100 万円達成されたゆさんにお越しいただきました。どうぞよろしくお願いします。 よろしくお願いします。え、簡単にですね 、僕からゆピさんを紹介させていただき ますと、ゆピさんは現役の漫画家で会い ながらAIの力を活用して漫画とデザイン の制作で効率化を徹底的に追求。出産3期 を経て収入0からスタートしたにも関わら ず、なんと2ヶ月連続で月収100万円を クライアントワークで達成されています。 これからは実際に効率化していたAI漫画 や表紙のノーハを本していくということで 、まさにAI×クリエイターの選ク者と いうところで今回投稿していただいており ます。講座ではですね、特にAI画像生成 マタイ図のマインドだとか思考の部分、他 のスクール性の刺激味で、え、この辺りを 徹底的に吸収し、短期間で成果を出して いただいたというところになります。 今回ですね、これだけの実績を出していただいたので、羽掘り歯掘り、え、どういった経緯でこの実績にたどり着いたのか聞いていきますので、最後までご覧ください。はい。そしたらですね、え、ゆきさんの方からも簡単に自己紹介お願いします。
(01:15) ゆと申します。AI 漫画とデザインを軸にした発信を活動しています。 元々は昨日漫画家ラストレーターデザイナーとして活動していましたがスクールを通じて AI を本格的に導入し公率家に成功しました。その結果で 3ヶ月で下収100万円を2 ヶ月連続で達成できました。 はい、ありがとうございます。なんでこの講座を受行しようと思ったのか教えてもらいますか? 講座を受けた理由は大きく 2つです。1 つ目は出産を経て何かしら収入を得ないという強い気持ちがあったからです。 AI漫画という言葉を見かけてこれは革命 が起きてるなという風に感じました。で、 2つ目がマニタイズがとても苦手だったの でそんな自分を買いたいという思いから 入りました。いくら技術があっても売れ ないと意味がないという思いをたくさんし てきたのでSNSを駆使して稼いでたワド さんの講座なら突破があるのではないかと 思ってもう叩かせていただきました。はい 、ありがとうございます。 向前の状態はどんな感じだったんですかね?
(02:19) 実は3 級に入っていまして、元々フリーランスで活動していたんですけども、収入は 0の状態になっていました。 3 級の前もフリーランスのデザイナーをやっていたんですけど、ま、 15枚程度あるかなかっていう状態です。 クライアントワークが主になっていまして 、あとはLINEスタンプやほとんど売れ ていない漫画の因が少しだけ入ってくると いうちょっと悲しいでした。悩みとしては 完全な集約で当たり前、体力的にも精神的 にも限界が近づいていて、これをずっと 続けるのは無理かもと思いた状態です。 はい、ありがとうございます。すごいです ね。フリーランスの時でも15万から50 万の売上というところで、ま、かなり スキルはある のかなと思いますね。ま、ただあれですよね。ま、デザイナーさんは労働方になってしまうというところで、ま、そこがかなりの悩みだったというところですね。で、実際に自行してみてどう変わったか教えてもらえますか? すごく変わったっていうのを前提として話させていただくんですけども、まず AI効率化でできたことで受中が
(03:24) 3倍から4倍に増えました。今まできれ なかったものだったりっていうのが納品が 間に合うようになり、その結果は100万 人到達したと感じています。あと1番最初 自分自身がAIを使うのはちょっと抵抗が あったんですけども、スクールに入って いく段階でだんだんそういったAIを使っ たイラストを書くことに対する嫌悪感 みたいのは薄れていき、自分の絵柄だっ たりクライアントを満足させるのであれば 、ま、AIのイラストでもいいかなという 気持ちに変化してきました。 あとはスクールの皆さんがすごく活躍されてる方が本当に多くて、その方々の活発な活動の方法だったりとかやり方を見てくうちに自分自身のモチベーションが上がっていきました。 はい、ありがとうございます。いや、でもいいですね。本当にま、ゆさんはかなりスキルが元々行前からあったので、ま、うちのスクールでは AI の高化っていうのを主にやっていただいたと。で、あとモチベーションのとこですかね。思考部分を環境というところを変えたことによってモチベーションが変わった。 ま、ここが大きな2つの点になってくるの
(04:32) かなというところです。多くの方は やっぱり質を求めて、ま、稼ぐためには質 が必要だというところで、え、デザインと かの質を頑張る人っていうのが多いと思う んですけども、売上げっていうのは質 かける量なんですね。さんはAIで高化し たことによってこの両の部分を34倍 増やすことができたんで月収が100枚 超えたというところなのでま、AIって いうのはやっぱ質を上げるものではなくて やっぱ効率化側のツールなので結構質 を上げるために、え、色々とやる人多いん ですけどもそこじゃなくてしっかり と効率化量をこなすために使ったって今回 の結構正解に繋がってきたのかなと思い ました。そうですね、現在100万円も 安定されてるというところで。そうですね 。ヶ月連続で100 万円超えを達成できてすごく自分自身も驚いています。 うん。ああ、いいですね。 あとまゆさんは僕から見てると自信をついてきたのかなとはちょっと思うんですけどどうですかね? うん。 本当にその通りでして自分がいる業界っていうのは上には上がるともう本当にとんでもない化けモ級の天才がいたりとかそのクリエイティブの面でとても叶わないというような方がいい中で自分のそのクリエイターとしての力だったりとか技術に対してほとんど自信がなく最初やめようかなと思ってるところもありました。
(05:25) [音楽] AIが出た時にAIで別の真ネでうまく いけば最悪クリエイターもやめてもいいか なっていうくらいに思ってたんですけども 結果的に田さんに進められたのが今持っ てるその漫画とデザインの能力をAI とけ合わせるやり方がいいんかって いうアバイスをいいたのが本当に大きかっ たと思います。僕の自信はいったかなって 思いましたね。最初僕もお話しさせていた 時、こんなにスキルがあるのになんで こんなに自信ないのかなって思った時も あったんでやっぱ自信があるだけでもその 自己肯定感とか自己効力感とかあるんです けど、ま、そこが上がっただけでもね、 実際が出やすいので、今聞いてる皆さんも
(06:28) 自信を持ってやっていくといいと思います ね。あとワドさんが自信を持ってください ね。 客観的に自信持っていいですよって言われる環境が本当になかったのですごく勇気になりました。 うん。そうですよね。自分の自信あげるのって難しいですもんね。自分だけだとそういった先生だとか自分が信頼してる人とか、ま、そういった人ができると、え、そこの実践にも繋がってくるのかなと思いますので、ま、環境とかを変えてみるっていうのは 1つの手かなと思います。はい。 ま、今回ビフォー、アフターで、ま、 ビフォーで言うとフリーダンス時代は15 万から50万ぐらいで、今アフターに関し ては今月収100万ぐらいが安定してると いうところで、ま、23倍ぐらい売上とし ても変わるかなと思います。で、今回座り 何が良かったか、え、そういった気づきの 部分教えてもらいますか?1 番はマインドセットの換です。AIを使う ことの抵抗感や自分に値段をつけることへ のブロックが外れました。あとは基準値が 変わったのがすごく大きいです。 アドスクでは周りが普通に月収 100万超えてる方が多くて、そういった環境にいると自分自身もっとやらなきゃと自然に思えるようになりました。それまでは自分自身の技術はまだまだだと髭してばかりで技術ばっかりを磨いていたので、そういう髭自分をやめて自信を持って行動していくことが講座のワドさんの話の中ですごく学べたと思っています。
(07:53) [音楽] ここのマインドと思考は変わりましたよね。 本当そうですね、自信がかなりついたと思いますね。 [音楽] うん。ま、自信がつくとそこの値段の部分の単価とか、ま、そういったとこのも交渉はしやすくなりますし、みんな安りしやすくなっちゃうですね。お金っていうと、お金のマインドブックとかも入りやすいんで、ま、そういったところも少しずつ単価も上げていくこともできるし、ま、 [音楽] [音楽] AI を使うことの国間っていうのをすことによって化もできて、そこの、ま、単価も上げていって両も増やしていく。 ま、そこがかなりエリフさんとしては売上 に繋がってきたのかなというところですか ね。あとやっぱ僕のスクルの皆さんやっぱ 多く行ってのは基準値ですね。基準値は 本当に大事でやっぱ周りにすごい人ばっか いるともっとやらなきゃなってなりますし 、ただ僕はかなりここは意識していて 僕自身がやっぱり1番頑張っていくという か、え、背中を見せていくようにしてるん で、ま、僕が頑張ってるからこそみんなも 、え、ついてこれるようにこやってるのか なと思いますね。実際にワトさんが口座で さられ僕はあの奥稼いたんでみたいな感じ でおっしゃるんで奥あのナチュラルな感じ
(09:00) で稼げるんだっていうのがちょっと自然 と周りの環境が稼いてる作れたのか本当に 考え方がガラと変わるきっかけになりまし た。うん。確かにそうですね。やっぱ成功 事例というか、ま、僕という成功事例が やっぱ近くにいるし、ま、他の受行生の 成功事例っていうのも見放題というところ なので、ま、そういった成功事例を やっぱり見ていると稼ぎはしやすいですね 。はい。そしたら次のご質問です。ま、 実際100万ぐらい今安定してるという ところですけど、どういう改造してるのか 具体的に教えてもらいますか?はい。私が 基本的にやってるのはクライアントワーク が主になるんですが、今までの作業の 棚おろし、あと各程の時間短縮の模索、 あと1番大きいのがクライアントとの やり取り、デザインだったりとか漫画の やり取りの中で修正回数が今まで多かった 部分がAIを使うことで大幅に減少できた のではないかと思っています。ま、例えば なんですけども、あの、漫画の下書きの 段階でAIを使ってほぼ完成系に近いもの
(10:05) をネームとして見せることができるので、 その時点で修正部分が明確化されていずれ が軽減してほぼ修正がない状態で最終 データを作ることができました。あと デザインの部分で言うとAIで足りない 部分の絵柄だったりとかそういった部分を イラストを拡張できる機能があるのでそう いった修正も大幅に時間短縮につがったと 思っています。1番大きいのが実はあの 値段交渉だったりとかスケジュール交渉の メールのやり取り。これが本当はすごく 苦手で場合によっては1日かけてしまう こととかもあったんですけどもそれがAI を使うことですぐに返せるようになったの がかなり大きかったを感じています。こう いった積み重ねで受中量を増やも合わせる 体制を作って1周100万を突破できたの ではないかと感じています。いや 素晴らしいですね。あの、デザインもそう ですけど、ビジネス的な能力も相当高い ですね。ま、今おっしゃっていただいた ようなところてめちゃめちゃ大事で、特に 、ま、メールだとか数が多いですし、毎日
(11:09) のように発生する業務なんで、そういった ところからまずAIを使って、え、効率化 していくっていうのはすごく大事なところ です。で、今ちょっと、あ、話を聞いてい て思ったのが、クライアントワークとか デザイナーさんってやっぱ労働集約型で 悩んでる方って多いと思うんですよね。 で、そこのAI での効率化のやり方みたいな、デザイナーさん向けの AI の効率化みたいなとこってすごいなんか需要ありそうだなってなんかちょっと聞いてと思いましたね。 そこは考えてなかったんですけど、今後作っていきたいなって今お話聞いて思いました。 うん。いや、めちゃ良さそうですね。ゆさんが実際に効率化をしてそれで、ま、実際売上も上がることになると思うんですよね。効率会ができると数がこなせるようになるんで、ま、結構ここ大事そうだなってなんか今思いましたね。 [音楽] そうですね。ちょっとデザイナーの方では 主にやってるのが電子コミックの想定の デザインが多いんですけども、その電子 コミックのラフだったりとか、その パターン出しみたいのはAIを使と一気に パターンを簡単に作れるようになるので、 短縮に繋がるかなとは思ってます。それを もしあの皆さん知りたい方が今後教えて
(12:12) 伝えていくのも1つかなって思います。 うん。皆さん知りたい人多いと思いますね 。いいですね。 ありがとうございます。今の話も踏まれて今後の戦略的なところはどういったところを考えてますか? はい。実はクライアントワークを一生懸命やってたっていうのがさんからコンテンツの販売をしましょうとあのハに言われてたお約束だったんですけども現状そのクライアントワークでいっぱいいっぱいになっていたのでそれを精査してでコンテンツに集中しようと思ってクライアントワークをやったら 100万円到達したっていうのが 1つあります。 で、今ちょっとずつクライアントワークが落ち着いてきたので、 AI 漫画のハウをまとめたコンテンツを販売したいと思っています。主にどんな内容かって言いますと、チャ AATGPTとPhotoshopを 組み合わせたAI漫画業界でもあまり使っ ていないソフトの珍しい切り口で展開予定 です。 で、またちょっとクライアントワークが安定してきたので、今後は講子業や外部化にも取り組みながら拡段していきたいなと考えています。 こ楽しみですね。ゆさんが現役の漫画家というところで、ま、本当にいないと思うんですよね。
(13:22) 現役の漫画家さんがAI漫画のノーハを まとめてくれるなんて、ま、そんなレアな ことってあんまりないかなと思うので、 かなり需要が高そうなイメージありますし 、ま、元々のスクールで入っていただいた ところで言うとやっぱここのコンテンツ 販売ってところが主なところかなと思い ますので、ま、クライアントワークから 少しずつ、え、最後集的にコン鉄販売の方 に移行できると、え、いいですね。当初の 目的にコンテンツ販売に集中したいと思っ てます。うん。 今聞いてる皆さんもゆさんに教えてもらいたい人は結構いるんじゃないかなと思いますので、ここは楽しみですね。僕も全然今順調に進んでると思うので、しっかりと、え、いいコンテンツっていうのを作っていきましょう。 はい、よろしくお願いします。 はい。で、ま、最後に、え、視聴者へのメッセージと宣伝とかあればお願いします。 そうですね、重ねになってしまうんですけども、 AI漫画のコンテンツではチャット JPT による絵柄の修正だったり、指示、あと安定化ですね、そういったものをお伝えできればなと思っています。 AI漫画の中でちょっとクオリティを 上げる点になると皆さんキャンバとかを 使っているんですけども、私はあの
(14:25) フシップが結構長値デザイナーとしてやっ てたっていうのもあってAIと Photoshopを組み合わせて補正 するテクニックが皆様に教えられるのでは ないかなと思ってるので、そういったこと を伝えていけたらいいなと思っています。 ちょっと、ま、純粋にクライアントワーク で100万円今回達成したということで、 クライアントワークのコツだったりとか 対応なども伝えていけたらいいのかなと 思っています。あとは自分自身が漫画家を やってるっていうので初心者の方が自分に 学べるのに抵抗が出てしまうのかなって いうのがあるかと思うんですけど、そう いった方でも漫画っていうのは誰でも できるようになってると、AIのおかげに なってると感じているので、いろんな方が 漫画に触れるきっかけみたいのを作れたら 自分自身も嬉しいなと思いますし、 そもそも漫画家としてたくさんの人に漫画 を伝えられる方法があればどんな方法でも いいかなって個人的に は思っているので、そういったきっかけの場を作れたらなと思っています。 はい、ありがとうございます。AI 漫画はいろんな人が入りやすいし、ま、日本人は漫画好きな人が多いんで、ま、興味もある人も多いかなと思います。なので現役の漫画をやってるピさんの漫画のハウとかもかなり詳しいかなと思いますので、え、そこしっかりと学んでただければ初心者の方でも
(15:42) AI 漫画で漫画を書いていくことはできるかなと思いますので、是非、え、楽しみにしてみてください。 そしたらですね、え、さんのXのリンクを 概要欄に置いておきますので、皆さん歩道 をお願いします。そこから、え、 コンテンツを発売していくと思いますので 、X見ていただければそこのコンテンは手 に入るかなと思います。最後ですね、僕の 講座に関してですね、僕のスクールでも ゆぴさんは参加していただいたと思うん ですけども、実際に参加してみてどういう 人におすめとか、ま、こんな人が参加し たら実績出そうとか、ま、そういうのが あれば教えてもらえますか? そうですね。私自身0の状態から月収 100万円まで一気に駆け抜けることが できたので本当にAI初心者でも飛び込ん でみれば大きく変わるのではないかなと 実感してます。AIの魅力はどんな分野と も自由に掛け合わせられる柔軟性があって 2人でも自分にあった使い方が見つかると 思います。特に本業とうまく組み合わせる ことができると収益化もスピードがとても 早くなるなっていうのを感じました。今の 働き方に違和感を感じていたり、日々の 仕事に詰まっている方、そんな方に特にお
(16:47) すすめだと思います。私もAIの最新情報 を自力で追いかけるのは正直かなり大変な ので、え、そこをWDスクール内で的確に 最新の情報を教えていただけるのが本当に いい環境だと思うので、そのおかげで自分 の収入をどう上げていくかっていうのにも 集中できましたし、この環境が何よりも1 番のおすすめのところとなります。はい、 ありがとうございます。そうですね、今 おっしゃっていただいた通り、僕はかなり 受行生にはですね、最新情報っていうのは SNSとかで追わなくていいよと言って おりまして、ま、基本的には僕が情報を まとめてあげるというか、ま、高校とか 大学とか、え、もしかしたらテストとかで なんか見たことあるかなと思うんですけど 、テストのまとめを作ってあげる役って いうのが僕なんですね。どこだけ抑えとけ ばテストは受かるよみたいな、ま、そう いったところっていうのを僕はかなり意識 していて、え、皆さんのために最新情報 っていうのを毎しで学んでその中で本当に 使えるものだけ口座に落としてるとやっぱ 情報が多すぎてしまうっていうのが今AI 界隈のかなりの難しいところかなと思い ますので、本当に大事なところだけ口座に 持ってくるようにしてるんで、え、最低限
(17:52) の時間で、え、最新情報が常に入っていく という状況ですね。ま、そういった状況で あればAIの勉強時間に時間を費やすこと がないので自分の本当に真似たいだとか やりたいことっていうのを時間を使って いただいて、ま、そんな結果が出てる人が 多いかなというところです。ま、ちょっと お話てるのところで言うと、ま、本業だと か自分が今まで頑張ってきたことですね。 ま、そこにAIを活用するとかなり ステップアップする人は多いので、もし今 聞いてる方で、ま、今まで動画編集とかと 、ま、そういうことさんみたいにデザイン とか頑張ってた、漫画とか頑張ってた。ま 、そういった人がいらっしゃれば、あの、 結構すぐに、え、稼げるようにするのは、 え、多いかなと思いますので、え、そう いった人も是非出していただくとAIで 効率化してさらに自分の治療っていうのを ワンランプアップすることもできますので 、是非、え、そういう人もお越し いただければと思います。はい。え、そし たらですね、こちらで以上となりますので 、めちゃめちゃいい話ができました。ゆき さん、本当にありがとうございました。 またゆさんの声からの、え、AI漫画の 展開も楽しみにしております。これで以上
(18:47) としますのでありがとうございました。 ありがとうございました。最後にお知らせ です。元ブラック企業で毎日残業に終われ 将来に絶望していた私が恋愛活用をわずか 半年して会社員の年を超えで1000万 以上稼ぎブラック級をやめて独立。それ から信じられないようなスピードで成長を 営業からたった半として4000万円の 値上げを達成今ではSNS総歩ほどは 20万人を集め数多くの法人案件も受宅し ています。やっぱ1人で達成しました。 そして今この動画を撮ってる時点で累計 3億円以上の売上を出した方法を限界まで 詰め込んだ50代特典をプレゼントいたし ます。1使用AIの使い方完全マスター 講座。こちらはですね、会員サイトとして お渡ししまして、なの使い方が全部含まれ てるパッケージサイトになっております。 まず2、 裁タルートでAIを成功させる秘訣。3 最新版AI副業ランキング20254AT GTP速マスターガイド5、プロンプト 作成の黄金ルール、AI活用を加速させる 基本と応用など豪華50代特典をまとめて います。注意していただきたいのは公式内 の追加だけではご特定まででセミナーや 無料に来ていただいた方限定の配育となり ます。こちらのプレゼントはこれだけでも
(19:43) 有料級と言われるぐらいかなりの評価を いただいておりますし、これだけでも2の 使い方や稼ぐ方法はですね、分かるかなと 思いますので、是非受け取ってください。 以上です。ありがとうございました。",,未投稿,,,,
教育,12/1,6:30,"「月100万目指そう！」

って言われて
本当にできるの？
って思ったことありません？

僕はあります。

だから僕は
まず「月5万」目指した。

たった5万でも
初めて稼いだお金の感動って
ヤバいんですよ。

「あ、できるんだ」
「もっとやりたい」

この感覚が全てを変える。

大きな目標より
小さな成功体験。",,,,,,https://claude.ai/chat/15f93498-0bc8-4ea3-a562-b6606d298ea8,,,"1,322",3,3,35,
教育,12/1,20:00,"子どもが「習い事したい」
って言った時。

「お金ないから我慢して」

この言葉、
もう言いたくないですよね？

コンテンツ販売始めて
月10万稼げるようになって。

「いいよ、やってみたら」

って言えるようになる。

別に贅沢したいわけじゃない。

ただ、大切な人に選択肢を与えたい。
それだけ。",,,,,,https://claude.ai/chat/15f93498-0bc8-4ea3-a562-b6606d298ea8,,,,,,,
期待醸成,12/2,20:00,"副業で挫折した人ほど
コンテンツ販売に向いてる。

これ、本気で思ってます。

なぜなら
「失敗した人の気持ち」が
一番分かるから。

転売で失敗した？
→これから始める人を救える。

ブログで挫折した？
→同じ悩みの人に寄り添える。

あなたの失敗経験、
誰かの成功のヒントになる。

今度こそ、一緒にやりませんか？
当てはまる人は↓↓↓","12月中旬に会社に依存しない収入減を作る方法を公開します！
乗り遅れたくない人は今のうちに参加しておいてください！
「最新AIマネタイズ完全攻略」
https://bit.ly/45BZYHf",,,,,https://claude.ai/chat/15f93498-0bc8-4ea3-a562-b6606d298ea8,,,,,,,
期待醸成,12/3,20:00,"「ChatGPT使ってるけど、うまく使えてない気がする」

これ、めちゃくちゃ多い悩み。

分かります。
私も最初そうだったので。

なんか便利そうだから登録したけど
結局「今日の天気は」くらいしか聞いてない、みたいな。

ぶっちゃけ言うと
ほとんどの人は
AIの力の10%も引き出せてない。

理由は簡単で
「何に使えばいいか分からない」から。

道具って
使い道が明確になって初めて威力を発揮する。

AIも同じ。

「副業で月10万稼ぐ」って目的があれば
AIの使い方も見えてくるんです。

目的が変わると、見える世界が変わる。
これ、本当です。",,,,,,,,,,,,,
期待醸成,12/4,,"2025年、AIの進化やばかったですよね。

ChatGPT、Claude、Gemini...
毎月のように新機能が出て
正直、追いつけなかった人も多いはず。

私も途中で、どこまで進化するんだってなりかけました。

でも来年はもっとやばい。

「AIを使う人」と「使わない人」で
収入格差が10倍になると言われてます。

怖い話に聞こえるかもしれないけど
逆に言えばチャンス。

今からAI×副業を始めれば
来年の自分、全然違う景色見れます。

ワクワクしません？

その具体的な方法、
12月14日から始まる企画で全部話します。",,,,,,,,,,,,,
期待醸成,12/5,20:00,"「まず何から始めればいいですか？」

この質問めちゃ来ます

正直、ポストだけじゃ
伝えきれないんですよね。

だから12月14日から
人数限定のセミナーやります。

・AIエージェントの実演
・コンテンツ販売の本質
・挫折しない環境づくり

詳細は近日公開。

一人で悩んでる人
待ってます
興味ある人は👇👇👇",https://x.com/wad0427/status/1995854208663519375?s=20,,,,,,,,,,,,
期待醸成,12/6,21:00,"ついにあと3日。

12月9日、例の企画の募集を開始します。

対象は、
・時間のない会社員、家事で忙しいママ
・過去に副業で挫折した経験がある
・「今度こそ成功したい」と思っている
・でも一人では続かない
・何から始めればいいか分からない

こんな方です。

12月14日から5日間、
無料のLIVEセミナーを開催します。

この5日間で、

「何をすればいいか分からない」
→ 自分に合ったAI副業の方向性が明確になる

「自分には売れるものがない」
→ 過去の経験がコンテンツの素材になると気づく

「また挫折するのでは...」
→ 「今度こそできる」という希望を感じる

ここまで変われる5日間。

詳細は9日21時から発表します。
気になる人は通知オンにしておいてください👇",,,,,,https://claude.ai/chat/e303a786-b04b-43dd-90f7-055c4256c7ea,,,,,,,
期待醸成,12/7,21:00,"いよいよあと2日。

「時間がないから無理」
「過去に何度も失敗したから不安」
「自分にはスキルがないから...」

この言葉、何回言ってきました？

私も同じでした。

本業で疲れて、
「副業やらなきゃ」って思っても
結局できない日々。

教材買っても続かない。
スクール入っても挫折。

...でも今は違う。

変われた理由は
「正しい方法」と「環境」を手に入れたから。

今回の5日間セミナーでは、
その両方を全部見せます。

受講生の中には
AIも副業も未経験から、
3ヶ月で月10万以上、
半年で月50万以上達成した人もいる。

しかも、全員が
「過去に挫折した経験がある人」です。

挫折経験があるなら、なおさら参加してほしい。
その経験、武器に変えられるから。

募集開始は12月9日21時から先着順。
詳細は👇👇👇",,,,,,https://claude.ai/chat/e303a786-b04b-43dd-90f7-055c4256c7ea,,,,,,,
期待醸成,12/8,21:00,"明日21時、募集開始します。

正直に言わせてください。

この企画、準備に半年以上かけました。

過去に副業で失敗した人。
「今度こそ」と何度も思った人。
でも、結局また諦めてしまった人。

そんな人を全員救いたくて、
本気で作りました。

「また失敗したら...」

その不安、分かります。
私も同じ気持ちだったから。

でも今回は、
一人じゃない。

同じ悩みを持った仲間と、
一緒に変われる環境がある。

2025年、このまま終わりますか？
それとも、変わる一歩を踏み出しますか？

明日21時、全貌を公開します。
申し込みは先着順なので、
通知ONをお忘れなく。

楽しみにしていてください👇",,,,,,https://claude.ai/chat/e303a786-b04b-43dd-90f7-055c4256c7ea,,,,,,,
ローンチ投稿,12/9,21:00,"有料の受講生に怒られるかもしれないので、
【ガチで5日で消します】
※ 12月13日(土) 23:59 完全終了
「あとで見よう」と思っている方。 残念ですが、二度と見れません。

◤￣￣￣￣￣￣￣￣￣￣￣￣￣◥
　会社に依存しない
　""もう一つの収入源""をつくる
　┈┈┈┈┈┈┈┈┈┈┈┈┈┈
　AIエージェント×コンテンツ販売
　完全ロードマップブートキャンプ
　┈┈┈┈┈┈┈┈┈┈┈┈┈┈
◣＿＿＿＿＿＿＿＿＿＿＿＿＿◢

ブラック企業のサラリーマンで何度も挫折した私が
「集客と販売をAIに丸投げ」した結果...
たった1人、たった1年で億越えしました。

その構築ロジックと、
具体的な全工程を、5日間ですべて公開します。
正直、ここまでのノウハウを無料で出すのは
これが最後になると思います。

特別な才能も、センスも必要ありません。
必要なのは「正しい勝ちパターン」を知っているかどうかだけ。

無料で公開しているのは今だけです。
後悔する前に、参加枠を確保してください。

────────────────────
▼無料チャレンジ参加方法▼
① わど（@wad0427）をフォロー
② この投稿をいいね＋リポスト
③ リプ欄に「参加」とリプライ
→シークレットリプライで招待状が届きます
────────────────────

✅募集期間：〜 12月13日(土) 23:59
✅開催期間：12月14日(日) 〜 12月22日(月)

▼5Daysチャレンジ日程
※全て違う内容でお届けします。 
Day1：12月14日(日) 21:00〜
Day2：12月16日(火) 21:00〜
Day3：12月18日(木) 21:00〜
Day4：12月20日(土) 21:00〜
Day5：12月22日(月) 21:00〜

──────────
Day1
12月14日(日) 21:00〜
──────────
❶【「自分の強み×AI副業マップ」を完成させる】
自分の強みがなくても大丈夫！AIを学ぶプロセス自体が「売れるコンテンツ」になる仕組みを完全解説。
自分の方向性をAIと私と決定しましょう！

──────────
Day2
12月16日(火) 21:00〜
──────────
❷【「誰に何を届けるか」が明確になる逆算ワーク】
過去の自分=ターゲットという強力な視点を手に入れる。競合分析の方法と3つの軸で差別化ポイントを見つける実践ワーク。

──────────
Day3
12月18日(木) 21:00〜
──────────
❸AIに作らせる「コンテンツ作成の実演」
プロンプトの型、プラットフォーム別の設計、装飾のテクニック。実際にAIでコンテンツを作る方法を徹底解説。「できた！」という達成感を得る日。

──────────
Day4
12月20日(土) 21:00〜
──────────
❹【一人じゃ続かない人のための「環境設計」】
副業で9割が挫折する本当の理由。「ノウハウだけでは不十分」という真実と、継続を支える環境に必要な要素を完全公開。

──────────
Day5
12月22日(月) 21:00〜
──────────
❺【これからの人生に""もう1つの道""を持つ最終決断】
5日間の学びを統合し、会社に依存しない新しい人生の第一歩を踏み出す最終日。

﹀﹀﹀﹀﹀﹀﹀﹀﹀﹀
これら全て
・オンライン参加型のLIVEセミナー
・毎日のワークで実際に手を動かしながら進める実践形式
・講師とリアルタイムでやり取りしながら進行
で徹底解説していきます。

1日参加するだけでも、
「自分に合ったAI副業の方向性」が見えてきます。
もちろん全て無料です！

さらにこの無料チャレンジに参加するだけで、
合計40個以上の有料級特典が無料でもらえます。

╋━━━━━━━━━╋
  　　参加限定特典
╋━━━━━━━━━╋
🎁AIツールの使い方完全マスター講座（講座のサイトをそのままお渡し）
🎁「新版：未経験・自宅でも◎！月10万以上稼げるAI副業」
🎁自分の強みと向き合う「徹底自己分析ツール」
🎁自分に合ったマネタイズが見つかる商品作成ツール
🎁飛ぶように売れる！コピーライティング作成プロンプト集
🎁売上の要！個別相談＆セールスセミナー完全攻略ガイド
などなど40を超える特典をご用意しています。
﹀﹀﹀﹀﹀﹀﹀﹀﹀﹀﹀

【受講生実績】
✅茶トラさん：完全未経験から月収50万円超え
✅かなさん：AI画像で累計230万円達成
✅まさおさん：AIショート動画で登録者60万人、月300万円
✅ぬんちゃまさん：専業主婦から累計300万円達成
✅たーやさん：3人子育てワーママが「おかえりママ」実現
※全員顔出しなし

全員に共通しているのは
「自分の強み」を見つけて、AIと掛け合わせたこと。

────────────────────
▼無料チャレンジ参加方法▼
① わど（@wad0427）をフォロー
② この投稿をいいね＋RT（引用RT歓迎！）
③ リプ欄に「参加」とコメント
→シークレットリプライで招待状が届きます
────────────────────

「自分の方向性がわからない」って人全員参加
「また今度でいいや」と思っている方。
その「今度」は、もう二度と来ません。
チャレンジで皆さんとお会いできるのを楽しみにしています🔥","さん、ありがとうございます！☺️
下記よりセミナー参加のお申込みお願いいたします！

https://sub.unionai.co.jp/page/xavmpXTg8WIe

今回のセミナーに参加すると、こんなことが分かります↓
✅時間がない会社員・ママでも月10→50万円の副収入を作る方法
✅挫折経験を「売れるコンテンツ」に変える具体的な方法
✅500名以上の受講生が結果を出した再現性の高いロードマップ

「今度こそ」の気持ちを、一緒に結果に変えましょう！
当日お会いできるのを楽しみにしてます！",,,,,,,,,,,,
ローンチ投稿引用特典投稿,12/9,21:00,"【引用リポスト追加特典🎁】
5Daysチャレンジ、めっちゃ反応もらってる。
ありがとうございます。

で、せっかくなので
この投稿を引用リポストしてくれた人に
追加で特典を配ることにしました。

━━━━━━━━━━━━━
▼引用特典▼
限定セミナーアーカイブ3本
━━━━━━━━━━━━━

① 最新AI副業でマネタイズする成功事例＆ロードマップ
② Obsidian × Cursor × AIエージェントで自動化
③ AI副業・AIエージェント なんでも質問会

━━━━━━━━━━━━━
▼この3本を見ると…▼
━━━━━━━━━━━━━

AI副業、何から始めればいいか分からない
→ AI副業の全体像と最初の一歩が明確に

毎回プロンプト打つの面倒、思い通りにならない
→ 一度設定すれば半自動で量産できる仕組みが分かる

自分に何が向いてるか分からない
→ 強み×AIで収益化する道筋が見える

これ、普通に有料級の内容です。

━━━━━━━━━━━━━
▼特典の受け取り方▼
━━━━━━━━━━━━━

・この投稿にいいね＋引用リポストで「特典ください」とコメント

さらに元投稿への引用リポストも大歓迎🔥
感想や意気込みを添えてくれたら
もっと嬉しいです。

「これから頑張ります」とか
「ずっと気になってました」とか

そういうの見ると、こっちもテンション上がるので。
5Daysチャレンジで会えるの楽しみにしてます！","さん、ありがとうございます！☺️
下記より、特典を受取ください！
https://utage-system.com/members/zB8XaPrKSyor/home

セミナー参加お待ちしてます！
https://sub.unionai.co.jp/page/xavmpXTg8WIe",,,,,,,,,,,,
カウントダウン,12/10,21:00,"5Daysチャレンジまであと4日です。

正直に言うと、今回のセミナーは
今までで一番気合い入れて作りました。

理由はシンプルで、私自身が
「何やっても稼げない側」
の人間だったからです。

あの頃の自分に届けたい内容を、
全部詰め込みました。

「また失敗するんじゃ…」
って不安な方ほど、
来てほしいんですよね。

むしろ、その経験が
あるからこそ刺さる5日間になってます。

12月14日、一緒にスタート切りましょう。

参加は12月13日23:59まで👇",,,,,,,,,,,,,
カウントダウン,12/11,21:00,"「自分には売れるものがない」
↑これ、99%勘違いです。

5Daysチャレンジまであと3日。

私のスクールで500人以上
見てきてわかったことがあります。

売れるものがないんじゃないんですよ。
「自分の強みに気づけてないだけ」なんです。

「いや、本当に何もスキルないんです」
って方もいると思います。

でも、大丈夫です。
なぜかというと、AIを学ぶ過程そのものが
「売れるコンテンツ」になるからです。

つまり、今スキルゼロでも、
学びながら同時に売るものが手に入る。

実際、完全未経験の主婦の方が
半年で累計100万円を達成した事例もあります。

Day1では、その「隠れた武器」を
見つけるワークをやります。

今まで挫折してきた経験すら、
武器に変わる瞬間があるんですよね。

それを、14日から一緒に体験しましょう。

参加締切は12月13日23:59👇",,,,,,,,,,,,,
カウントダウン,12/12,21:00,"いよいよ明後日から5Daysチャレンジスタート🔥

5Daysチャレンジのスライド、
追い込みかけてます。

正直、作り込みすぎましたw

Day1だけで〇〇枚以上あります。

ただ情報を詰め込んだわけじゃなくて、
「ワークをやりながら、自分の強みが見つかる」設計にしてます。

5日間で全部お見せします。

無料でここまで出すの、
たぶん最初で最後です。

参加締切は12月13日23:59👇",,,,,,,,,,,,,
カウントダウン,12/13,21:00,"今日23:59を過ぎたら、もう参加できません。

5Daysチャレンジ、本日が最終締切です。

この1年、「AIやらなきゃ」って思いながら、
結局なにも変わらなかった方、
多いんじゃないでしょうか。

私もそうでした。
知識だけ増えて、
行動できない時期があったんですよね。

でも、変わるきっかけって、
いつも「環境」だったんです。

明日から5日間、
本気で向き合う環境を用意しました。

2025年の最後に、
一歩踏み出すなら今だと思います。

参加は↓↓↓から。今日23:59まで。

明日、お待ちしてます。","さん、ありがとうございます！☺️
下記よりセミナー参加のお申込みお願いいたします！

https://sub.unionai.co.jp/page/xavmpXTg8WIe

今回のセミナーに参加すると、こんなことが分かります↓
✅時間がない会社員・ママでも月10→50万円の副収入を作る方法
✅挫折経験を「売れるコンテンツ」に変える具体的な方法
✅500名以上の受講生が結果を出した再現性の高いロードマップ",,,,,,,,,,,,
期待醸成,12/14,2:00,"【大感謝】
参加登録者 1591名！！

先ほど、5Daysチャレンジの募集を完全に締め切りました。みなさんたくさんの参加登録、本当にありがとうございます。

『1591名』
この数字の重みを、今ひしひしと感じています。

「現状を変えたい」
「自分の強みを見つけたい」
「家族みんなで幸せになりたい」

そんな、1,591通りの「人生の決断」を預かったということ。生半可な気持ちじゃ立てない場所に、私は立っています。

だから、ここで約束します。

参加してくれた1591名全員、
誰一人として置いていきません！！

才能やセンスといった曖昧なものに頼らず、論理的なアプローチで、全員まとめて私が勝たせます！！

明日からの5日間、景色が変わる瞬間を、お見せします。

さあ、準備はいいですか？
伝説の5日間、いよいよ明日21:00開幕です！！

まずはゆっくり休んで、明日に備えてください。
会場で待ってます！！ https://x.com/wad0427/status/wad0427/status/1998361993384779964",,,,,,,,,,,,,
期待醸成,12/14,13:00,"【16万円、失いました】

詐欺に遭ったわけじゃありませんよ笑
Zoomに課金しました！！

理由はシンプル。
「参加者が多すぎて、通常プランじゃ入り切らないから」

なんと参加予定者【1,674名】
完全に想定外です！！

でも、これだけの人が
「AIで人生を変えたい」と集まってくれた。
その熱量に対する「会場費」だと思えば、安いもんです。

そんな、私の財布を破壊した記念すべき【Day1】
テーマは「自分に合ったAIマネタイズの方向性」です。

AI副業で失敗する最大の原因は、
「なんとなく」で始めてしまうこと。

・自分の強みは何か？
・どの市場なら勝てるか？
・誰に届けるべきか？

今夜、この「方向性」をバシッと決めます。
ここがズレると、その後どれだけAIを使っても全部無駄になる。だから、初日にここを徹底的にやります。

身銭を切って用意した、巨大スタジアム。
最高の景色、一緒に見ましょう。

今夜21時、開場です🔥 https://x.com/wad0427/status/wad0427/status/1998361993384779964",,,,,,,,,,,,,
期待醸成,12/15,0:00,"うおおおおおおおおおお
盛り上がりやばすぎた！！

久しぶりにこんな熱量高いセミナーしたかも
コメントもめちゃくちゃ早くて楽しかった！

Day5まで走り抜けるぞー
アーカイブ参加の方もいると思うけど、
熱量やばいからできるだけリアルタイムをおすすめするよ！これだけでやる気あがる！  https://x.com/wad0427/status/wad0427/status/1998361993384779964",,,,,,,,,,,,,
期待醸成,12/15,18:00,"【大猛省】
本当に申し訳ないです！！！

参加人数が想定を超えすぎて、招待メールが大量に「迷惑メール」に入っちゃったみたいです...

「待ってたのに届かなかった！」って人、本当にごめんなさい。それだけ熱量がバグってたってことです。

昨日のDay1、正直「神回」でした！！

コメント欄が追えないくらいの盛り上がりで、「これ無料でいいの！？」って声も鳴り止まなかった。私もめちゃくちゃ楽しかった。

⚠️で、ここからが超重要⚠️

今回の5Daysチャレンジ、
【Day1を参加した人以外、Day2以降には進めない】
というルールになってます。

つまり、このままだと脱落です。

しかし！！！！！

救済措置として、特設オープンチャットに「Day1の動画」を置きました。この動画視聴＋課題提出で、Day2への参加チケットを入手できます。

分からないことがあれば、気軽にDMで聞いてください！！

Day2は明日12/16(火) 21時スタート。

特別に期間延長してるので、後悔したくない人はついてきて👇 https://x.com/wad0427/status/wad0427/status/1998361993384779964",,,,,,,,,,,,,
期待醸成,12/16,11:00,"【緊急アップデート】

すでに始まっている5Daysチャレンジ企画、
みなさんご参加いただき本当にありがとうございます！！

Day1を改めて振り返ると
ガチで過去最高の盛り上がりでした！！

みなさんの熱量、たくさんの感想を見ていて、
完全にスイッチが入ってしまいました。

なので急遽、残り4日間の内容を
当初の予定より「パワーアップ」させます！！！

◤￣￣￣￣￣￣￣￣￣￣￣￣￣◥
　会社に依存しない
　""もう一つの収入源""をつくる
　┈┈┈┈┈┈┈┈┈┈┈┈┈┈
　AIエージェント×コンテンツ販売
　完全ロードマップブートキャンプ
　┈┈┈┈┈┈┈┈┈┈┈┈┈┈
◣＿＿＿＿＿＿＿＿＿＿＿＿＿◢

──────────
Day1
12月14日(日) 21:00〜
──────────
❶【自分に合ったAIマネタイズの方向性が見える】
自分の強みがなくても大丈夫！AIを学ぶプロセス自体が「売れるコンテンツ」になる仕組みを完全解説。
自分の方向性をAIと私と決定しましょう！

──────────
Day2
12月16日(火) 21:00〜
──────────
❷【AIの力を借りてあなたの強みをお金に変える具体的戦略を作成する】
過去の自分=ターゲットという強力な視点を手に入れる。競合分析の方法と3つの軸で差別化ポイントを見つける実践ワーク。

──────────
Day3
12月18日(木) 21:00〜
──────────
❸【AIエージェントを使って実際に商品を作る！】
プロンプトの型、プラットフォーム別の設計、装飾のテクニック。実際にAIでコンテンツを作る方法を徹底解説。「できた！」という達成感を得る日。

──────────
Day4
12月20日(土) 21:00〜
──────────
❹【継続するための仕組みができる！】
副業で9割が挫折する本当の理由。「ノウハウだけでは不十分」という真実と、継続を支える環境に必要な要素を完全公開。

──────────
Day5
12月22日(月) 21:00〜
──────────
❺【労働者からAIを働かせる側へシフトチャンジ】
5日間の学びを統合し、会社に依存しない新しい人生の第一歩を踏み出す最終日。

﹀﹀﹀﹀﹀﹀﹀﹀﹀﹀

これら全て無料
・オンライン参加型のLIVEセミナー
・実際に手を動かしながら進める実践形式
・5日間完走＋課題提出後、合計60個以上の有料級特典

自分の強みを活かして、
「理想」を「現実」に変えたい人は全員集合！！

この企画は今回で最後、一度きりです。
後悔したくない人はついてきてください。

【アーカイブ視聴＋課題提出】で途中参加可能です。
* 詳細はオープンチャット右上のノート欄参照

飛び込み参加はこちら👇",,,,,,,,,,,,,
期待醸成,12/16,18:00,"【課題提出者 620名突破！！】 

深夜や早朝、忙しい合間に取り組んでいただき、
本当にありがとうございます！！
みなさんの回答、全部読んでいます。

初日の冒頭で、私がお伝えしたメッセージ。 
覚えてますか？

「この5日間が、みなさんの人生のターニングポイントになる」

これ、大げさでもなんでもなく、
今まさに、そのタイミングなんですよね。

ここで、残酷な現実をお伝えします。

今回の企画には、
大きく分けて「2パターン」の人たちがいます。

① この5日間を完走し、人生を少しずつ、でも確実に変えていく人

② 「忙しいからあとで」と先送りして、これまでと変わらない人

この2つの違いって、 
スキルとか、センスの差じゃないんです。

「ほんの少しのやる気を出して、一歩動いたかどうか」 

たったこれだけの差です。

624名の仲間は、
すでに「理想」を「現実」に変えるための
チケットを手にしています。

みなさんは、どちら側で終わりますか？
まだ間に合いますので、後悔したくない人は、
課題の提出をお待ちしています。

Day2は今夜21時スタート！！
みなさん楽しんでいきましょう！！🔥

後悔したくない人はこちら！！
",,,,,,,,,,,,,
期待醸成,12/17,12:00,"うおおおおおおおお！！
Day2も想像以上の大盛り上がり！！
今日もめちゃめちゃ楽しかったーー

まさかのDay1よりも参加者が増えてて、課題提出も現時点で300名を超えてる！！Day3はもっとすごい内容になってるので、みんなで駆け抜けましょう",,,,,,,,,,,,,
価値提供,12/17,18:00,"こういう連続型セミナーで
1日目よりも2日目の方が参加者多いのバグってる

業界の人みんなこのノウハウ知りたいんじゃないか

1日目参加者はほぼ離脱せず、盛り上がりを見た人たちが合流してきた様子
リアルタイムまじでフェスみたいな盛り上がりw",,,,,,,,,,,,,
期待醸成,12/18,7:00,"【今夜21時 Day3スタート！！🔥】

5Daysチャレンジ企画Day2、みんなの熱量えぐかった！！いま課題提出が「500名」を超えてるけど、参加者より多いってどういうこと？笑

みんなの熱量に私が圧倒されてます。

Day2で「マネタイズの設計図」は完成。
Day3は、いよいよAIを使ってその設計図を「商品」に変えていきます！！

どんなにいい「素材」があっても、「カタチ」にしなければ誰にも届きません。

⚠️課題提出は今日15時締切⚠️
提出特典は超有料級！貰わないとシンプルに損します。

今回一度きりで最後の企画！
今夜21時Day3、後悔したくない人はついてきて",,,,,,,,,,,,,
価値提供,12/19,12:00,"【神回確定】
チャレンジ企画Day4、12/20(土)21時スタート！！

昨日のDay3の盛り上がりもすごかった…！
参加者はさらに増えて「479名」
現時点で課題提出者も「382名」

後半になるにつれて人数が増えてる
みんなの熱量がどんどん周りに伝わってる証拠！！

Day3の課題提出特典もやりすぎた笑
・飛ぶように売れるコピー作成プロンプト
・note記事生成エージェント
・図解生成エージェント

正直、超絶有料販売レベル
受け取らないとシンプルに損する

で、次回の12/20(土) 21時！！今回の企画で一番大事な「継続・集客の仕組み」を話します！！

Day5はまとめなので、次回が実質的な最終回。完走特典もあるから、後悔したくない人は最後までついてきて",,,,,,,,,,,,,
期待醸成,12/19,3:00,"鬼門のDay3も課題400人突破！！

5日の真ん中だから1番気が抜けるタイミングでしたが、
このペースだと600人はいけそう
素晴らしいです！

Day5はまとめQAなので、
実質Day4が最後！
あと1日気合い入れて、全員走り切りましょ！！",,,,,,,,,,,,,
価値提供,12/19,9:00,"【涙腺崩壊】
たくさんの感想ほんとにありがとうございます！！
感想1件1件見てます！！Day3もみんな満足してくれて、ほんとによかった

「2〜3時間悩むよりクオリティ高い」
「コピペとボタン一発で完成してしまった」

これが構造化されたAIの力です。 配布した「note生成エージェント」で、作業時間は1/10になります。

でも、この武器をどうやって「収益の柱」にさせるか。その「仕組み」を知らないと、宝の持ち腐れです。

なので、次回12/20(土) 21時。私が一番大切にしている「継続・集客の仕組み」を話します。

Day5はまとめなので、次回が実質的な最終回。5Daysチャレンジ企画、完全にお祭り状態。

みんなの熱量に負けて後追いOKにしたので、今からでもギリ間に合います！！後悔したくない人はカモン",,,,,,,,,,,,,
,12/20,12:00,"チャレンジ企画の間にスクールのグルコンもしっかり3時間

今日のグルコンめちゃくちゃ深かったな〜
1000万とか1億規模の話、
稼げるポテンシャルあるのに生活とのバランスとか
かなりレベル高かった！

まだ1年半だけど、スクール生のレベルがマジで上がってってる

#AIで稼ぐならわどスク",,,,,,,,,,,,,
,12/20,13:00,"【今夜21時 Day4スタート！！】

Day3の課題提出、現時点で「554名」を突破。正直、このビッグウェーブは予想を超えすぎてる。みんなの本気度がえぐい。

提出期限は「本日15時」まで！！
今回の特典はシリーズで一番豪華だし、これ受け取らないのはシンプルに損失でしかない。あと2時間あるからまだ間に合う。

Day4では「今のままで大丈夫かな」って不安を取り払って、「稼ぐ仕組み」について徹底的にお伝えします！！

後悔したくない人は、今すぐこの波に乗ってください！！🌊",,,,,,,,,,,,,
期待醸成,12/20,21:00,Day4始まりました！！！飛び込み参加大歓迎！！！,,,,,,,,,,,,,
価値提供,12/21,2:00,"うおおおおおおおお！！！
Day4もめっちゃ楽しかった！！！
昨日は全力で話しすぎて、終わった瞬間に力尽きました笑

課題提出はすでに「353名」
まだまだみんなの熱量がえぐすぎて、私が一番パワーもらってる！！

昨夜は、なぜノウハウがあっても9割が続かないのかという残酷な真実を話したわけだけど、この5Daysチャレンジ企画を乗り越えているみなさんであれば、環境と仲間の重要性を分かってもらってるはず！！

ちなみに昨日公開した特別招待については、かなり枠も埋まってきていて、早く行動した人が得られる特権になってる。

そして明日はついにDay5、いよいよ最終日！！5日間の学びを統合し、新しい人生の「地図」を完成させます。

5Daysの完走特典も用意してるので、最高のグランドフィナーレを一緒に迎えましょう！！",,,,,,,,,,,,,
期待醸成,12/21,20:00,"【わどスク合同オフ会開催！】
本日はわどスクール合同オフ会を開催してます！

チャレンジ企画のDay4でお話ししましたよね。 
「一人では継続が難しい。環境が重要」であること。

その「答え」が、まさにこれです。

ここにいるメンバーも、最初はみんな 「自分にできるかな...」「一人で不安だな...」 と悩んでいた人たちでした。

でも、一歩踏み出してこの「環境」に入ったことで、今こうして、切磋琢磨できる最高の「仲間」と出会っています。

一人だと折れる心も、 仲間がいれば、当たり前に走り続けられる。

ネット上のつながりだけじゃなく、 こうしてリアルで語り合える仲間がいること。これが、私たちが最短で成果を出せる最大の「秘密」です。

まだ、一人で戦いますか？ 
それとも、この環境に入りますか？",,,,,,,,,,,,,
,12/22,15:00,"企画が進むごとに、皆さんの熱量がどんどん高くなっていて、質問やコメントも大量！！
Day4のリアルタイムは、
なんだかんだ深夜2時頃までやってました！
でも、これが皆さんのためになると思うと楽しくてやめられないんですよね（笑）
本日のDay5も質疑応答にはできる限り答えていくので、完走まであと1回。仲間全員で乗り越えましょう🔥 https://x.com/kawahito_ai/st/kawahito_ai/status/2002593951463928075
",,,,,,,,,,,,,
期待醸成,12/22,18:00,"【本日最終日！！】

5Daysチャレンジ企画
今夜21時 Day5スタート！！

みなさんここまでついてきてくれて、
本当にありがとうございます！！

と、ここで先に伝えます。
個別面談は【先着300名】で打ち切ります！！

物理的な限界がきました...
質の低いアドバイスはしたくないので、
心を鬼にして線引きさせてもらいます。

🚨 制限事項
① 予約上限：先着300名
② 予約締切：12月25日 (木) 23:59まで
（面談実施は年内までを想定）

12/25を過ぎるか、300枠埋まったら即終了です。

もう言い残すことはありません。

一度きりで最後の企画です。

課題を全て提出した方には、
超豪華な完走特典も用意していますのでお楽しみに！！

後悔したくない人は、
最後までついてきてください🔥",,,,,,,,,,,,,
期待醸成,12/22,21:00,"最終回Day5 始まりました！！！
今年最後のセミナー、盛り上がっていきましょう🔥
全体の振り返りもするので、飛び込み参加大歓迎！！
",,,,,,,,,,,,,
期待醸成,12/23,12:00,"個別相談の申し込みが240件を超えました！！
【予約数300】または【25日 23:59】で受付を終了します。(物理的に対応できる限界があるため）

「後で申し込もう」と思っている間に、あなたの人生を変えるきっかけはなくなります。
せっかく5日も時間使った手にした権利、無駄するのはもったいないです。

お待ちしています。",,,,,,,,,,,,,
期待醸成,12/25,14:00,"【予約締切まであと10時間！！】

現在、個別面談の予約は【260名】を突破。 
300名の定員まで、残り「40枠」を切りました。

本日12/25(木) 23:59に受付終了です。
300枠が埋まり次第、この案内も終了します。

2026年、AIを相棒にして突き抜けたい方は、
今すぐ最後の枠を掴み取ってください！！",,,,,,,,,,,,,
期待醸成,12/25,23:00,"予約締切まで、あと60分！！】

共に歩む仲間へ

本日23:59、個別面談の受付を【完全に終了】します。

まずは、この5日間最後までついてきてくれた
みなさんに、心から感謝を伝えたい。

本当にありがとうございました！！

「AIを使って人生を変えたい」という
私の熱意に応えるように、
本当に多くの方が集まってくれました。

皆さんの本気を感じるたびに、
私自身も「絶対に全員を引き上げる」と
覚悟がより一層強くなっています。

「2026年、本気で人生を変える」

その決意があるなら、
個別面談に滑り込んでください！！ 

今日踏み出すその一歩が、
1年後のあなたを救う唯一の手段。

最高の仲間として、お会いできるのを
楽しみにしています！！",,,,,,,,,,,,,
,12/27,17:00,"【大感謝】
5Daysチャレンジ企画終了！！

年末最後の大型企画、
最後まで本気でついてきてくれて
本当にありがとうございました！！

そして、私を信じて「わどスク4期生」として
共に歩む決意をしてくれた仲間たち、
これからよろしくお願いします！！

嬉しいことに皆さんとの面談が続いていて、
感謝が遅れてしまい本当にごめんなさい

一人ひとりとじっくりお話しして、
皆さんの「本気で人生を変えたい」という熱量に、
私の方が毎日最高の刺激をもらってます

一人だと「どうすればいいか」と迷う霧も、
対話を通してロードマップに変わると、
皆さんの表情がパッと明るくなる

その瞬間に立ち会えるのが最高

私は4期生をただの「受講生」だとは
思っていません。

 最小労力で最大成果を出し、
2026年に人生を激変させる
「最高のチーム」にしていきたい。

独学だとどうしても「時間がない」と
引き戻されそうな場面でも、
横を見れば当たり前に走り続けている仲間がいる。

そんな、挑戦が「日常」になる環境を、
私は全力で守り抜きます！！

2026年、仲間と共に勝ちにいきましょう！！
",,,,,,,,,,,,,
期待醸成,1/7,21:00,"「今年こそ副業」と決めたのに、 
仕事が始まって心が折れかけている人へ

みなさんからの要望にお応えして、
1月10日(土) 21時より、
【5Daysチャレンジ企画 Day6 総集編】を開催します！！

本来なら5日間かかる
「AI副業の全貌（強み×商品×集客）」を、 
2時間で叩き込きます！

・5日間の動画を見る時間がない 
・要点だけサクッと知りたい 
・最短ルートで追いつきたい

そんな「効率重視」の方のために用意しました。 
もちろん無料で参加可能！

参加方法は、
① この投稿に「いいね」
② この投稿に「チャンスをつかむ」とリプライ

今週末の「3連休」がラストチャンス！
後悔したくない人はこの機会を掴んでください！",,,,,,,,,,,,,
,1/8,21:00,"【応募締切まで27時間！！】
チャレンジ企画総集編、参加登録がこんなにも！！
残り枠数はあと17枠！！後悔したくない人は急げー！！",,,,,,,,,,,,,
,1/10,16:00,"【今夜21時、総集編スタート！】

参加登録者…なんと292名！！
この熱量、正直最高すぎる！！

今日は年末にやったチャレンジ企画の総集編、
内容を1日にぎゅっとまとめてお届けします！

最高のグランドフィナーレを迎えましょう！！",,,,,,,,,,,,,
,1/10,20:00,"このあと21時から総集編スタート！！

チャレンジ企画参加した人も、
忙しくて参加できなかった人も、

みんなで人生変えるきっかけにしましょう！！",,,,,,,,,,,,,
,1/11,20:00,"5Daysチャレンジ企画、総集編終了！

ここまで本気でついてきてくれた仲間たち。
「変わりたい」という純粋な熱量に触れ、
私自身もより意識が強くなりました。

本当にありがとうございました！！

私が伝えたかったのは、AIのノウハウだけじゃない。

「なぜ、9割の人が努力しても報われないのか」
という残酷な真実と、それを打破するための
『構造』と『環境』の話。

独学で迷い、時間を溶かしていた日々。
「自分には無理かも」と諦めかけていた夜。

そんな私と同じ過去を抱えている、
みなさんの人生を変えるきっかけにできました！！

これから4期生として共に走る仲間も。 
今回得たヒントを胸に、自分の道を切り開く仲間も。 

最小労力で最大成果を出し、
自分らしい自由を手にする。

その姿を見れるのが、私の最高の報酬です！！

一度きりの人生、最高の構造で最高の2026年を。 

またみなさんと新しい景色を見れるのを、
楽しみにしています！！",,,,,,,,,,,,,